WKN;ARIVA_NAME;JAHR;JAHRES_UEBERSCHUSS;KGV
901876;batm_advanced_communications-aktie;2016;-1 ILA;-
901876;batm_advanced_communications-aktie;2017;0 ILA;-
901876;batm_advanced_communications-aktie;2018;0 ILA;-
901876;batm_advanced_communications-aktie;2019;4 ILA;-
901876;batm_advanced_communications-aktie;2020;10 ILA;-
901876;batm_advanced_communications-aktie;2021;14 ILA;-
901876;batm_advanced_communications-aktie;2022;-;-
606110;hms_bergbau-aktie;2016;0 €;139,83
606110;hms_bergbau-aktie;2017;1 €;87,44
606110;hms_bergbau-aktie;2018;1 €;54,55
606110;hms_bergbau-aktie;2019;1 €;136,43
606110;hms_bergbau-aktie;2020;3 €;33,13
606110;hms_bergbau-aktie;2021;3 €;29,44
606110;hms_bergbau-aktie;2022;-;-
A0DK5W;zwack_unicum-aktie;2016;1.694 HUF;21
A0DK5W;zwack_unicum-aktie;2017;2.226 HUF;15,30
A0DK5W;zwack_unicum-aktie;2018;2.204 HUF;15,60
A0DK5W;zwack_unicum-aktie;2019;2.623 HUF;13,20
A0DK5W;zwack_unicum-aktie;2020;1.696 HUF;19,40
A0DK5W;zwack_unicum-aktie;2021;1.436 HUF;23
A0DK5W;zwack_unicum-aktie;2022;-;-
549293;masterflex-aktie;2016;3 €;4,32
549293;masterflex-aktie;2017;4 €;3,89
549293;masterflex-aktie;2018;3 €;3,98
549293;masterflex-aktie;2019;3 €;3,35
549293;masterflex-aktie;2020;1 €;47,08
549293;masterflex-aktie;2021;3 €;80,75
549293;masterflex-aktie;2022;-;-
A0M530;audius_se-aktie;2016;0 €;-
A0M530;audius_se-aktie;2017;-1 €;-
A0M530;audius_se-aktie;2018;1 €;15,60
A0M530;audius_se-aktie;2019;1 €;16,70
A0M530;audius_se-aktie;2020;2 €;25,50
A0M530;audius_se-aktie;2021;3 €;25,10
A0M530;audius_se-aktie;2022;-;-
855288;renold_plc_ls_05-aktie;2016;5 GBX;-
855288;renold_plc_ls_05-aktie;2017;-2 GBX;-
855288;renold_plc_ls_05-aktie;2018;8 GBX;-
855288;renold_plc_ls_05-aktie;2019;2 GBX;-
855288;renold_plc_ls_05-aktie;2020;4 GBX;-
855288;renold_plc_ls_05-aktie;2021;10 GBX;4,68
855288;renold_plc_ls_05-aktie;2022;-;-
A2G9M1;capsensixx-aktie;2016;2 €;-
A2G9M1;capsensixx-aktie;2017;3 €;-
A2G9M1;capsensixx-aktie;2018;1 €;30,51
A2G9M1;capsensixx-aktie;2019;2 €;11,14
A2G9M1;capsensixx-aktie;2020;2 €;18,94
A2G9M1;capsensixx-aktie;2021;3 €;218,57
A2G9M1;capsensixx-aktie;2022;-;-
510480;syzygy-aktie;2016;5 €;29,01
510480;syzygy-aktie;2017;5 €;28
510480;syzygy-aktie;2018;5 €;21,11
510480;syzygy-aktie;2019;3 €;26,36
510480;syzygy-aktie;2020;2 €;38
510480;syzygy-aktie;2021;4 €;125,20
510480;syzygy-aktie;2022;-;-
633600;lewag_holding-aktie;2016;5 €;8,40
633600;lewag_holding-aktie;2017;5 €;14,10
633600;lewag_holding-aktie;2018;5 €;13
633600;lewag_holding-aktie;2019;6 €;13,10
633600;lewag_holding-aktie;2020;-2 €;-
633600;lewag_holding-aktie;2021;3 €;25,90
633600;lewag_holding-aktie;2022;-;-
A2E4MK;noratis-aktie;2016;4 €;-
A2E4MK;noratis-aktie;2017;9 €;10,17
A2E4MK;noratis-aktie;2018;9 €;8,58
A2E4MK;noratis-aktie;2019;9 €;9,03
A2E4MK;noratis-aktie;2020;3 €;31,03
A2E4MK;noratis-aktie;2021;9 €;9,92
A2E4MK;noratis-aktie;2022;-;-
520160;berentzen_gruppe_st-aktie;2016;4 €;-
520160;berentzen_gruppe_st-aktie;2017;3 €;-
520160;berentzen_gruppe_st-aktie;2018;5 €;-
520160;berentzen_gruppe_st-aktie;2019;5 €;-
520160;berentzen_gruppe_st-aktie;2020;1 €;-
520160;berentzen_gruppe_st-aktie;2021;4 €;-
520160;berentzen_gruppe_st-aktie;2022;-;-
696800;progress_werk_oberkirch-aktie;2016;10 €;12,99
696800;progress_werk_oberkirch-aktie;2017;10 €;14,25
696800;progress_werk_oberkirch-aktie;2018;7 €;11,31
696800;progress_werk_oberkirch-aktie;2019;9 €;8,53
696800;progress_werk_oberkirch-aktie;2020;-12 €;-5,11
696800;progress_werk_oberkirch-aktie;2021;15 €;88,33
696800;progress_werk_oberkirch-aktie;2022;-;-
576790;fernheizwerk_neukoelln-aktie;2016;7 €;12,70
576790;fernheizwerk_neukoelln-aktie;2017;7 €;13,60
576790;fernheizwerk_neukoelln-aktie;2018;6 €;15,20
576790;fernheizwerk_neukoelln-aktie;2019;7 €;15,80
576790;fernheizwerk_neukoelln-aktie;2020;7 €;15,20
576790;fernheizwerk_neukoelln-aktie;2021;6 €;18,70
576790;fernheizwerk_neukoelln-aktie;2022;-;-
A1A6WE;doccheck-aktie;2016;3 €;-
A1A6WE;doccheck-aktie;2017;2 €;-
A1A6WE;doccheck-aktie;2018;2 €;7,94
A1A6WE;doccheck-aktie;2019;3 €;14,60
A1A6WE;doccheck-aktie;2020;9 €;12,79
A1A6WE;doccheck-aktie;2021;11 €;13,61
A1A6WE;doccheck-aktie;2022;-;-
518160;weng_fine_art-aktie;2015;0 €;363,10
518160;weng_fine_art-aktie;2016;1 €;-
518160;weng_fine_art-aktie;2017;1 €;-
518160;weng_fine_art-aktie;2018;1 €;-
518160;weng_fine_art-aktie;2019;2 €;-
518160;weng_fine_art-aktie;2020;5 €;-
518160;weng_fine_art-aktie;2021;3 €;-
A1XEY8;rm_education-aktie;2017;13 GBX;-
A1XEY8;rm_education-aktie;2018;17 GBX;-
A1XEY8;rm_education-aktie;2019;19 GBX;-
A1XEY8;rm_education-aktie;2020;8 GBX;22,70
A1XEY8;rm_education-aktie;2021;4 GBX;45,60
A1XEY8;rm_education-aktie;2022;-;-
A1XEY8;rm_education-aktie;2023;-;-
721890;schwaelbchen_molkerei_jakob_berz-aktie;2016;3 €;11,80
721890;schwaelbchen_molkerei_jakob_berz-aktie;2017;3 €;15,40
721890;schwaelbchen_molkerei_jakob_berz-aktie;2018;3 €;14,20
721890;schwaelbchen_molkerei_jakob_berz-aktie;2019;3 €;18
721890;schwaelbchen_molkerei_jakob_berz-aktie;2020;-1 €;-
721890;schwaelbchen_molkerei_jakob_berz-aktie;2021;-1 €;-
721890;schwaelbchen_molkerei_jakob_berz-aktie;2022;-;-
A0MZ4B;delignit-aktie;2016;1 €;26,11
A0MZ4B;delignit-aktie;2017;2 €;26,71
A0MZ4B;delignit-aktie;2018;3 €;19,84
A0MZ4B;delignit-aktie;2019;1 €;31,53
A0MZ4B;delignit-aktie;2020;2 €;26,40
A0MZ4B;delignit-aktie;2021;2 €;32,59
A0MZ4B;delignit-aktie;2022;-;-
A0KD0F;muehlhan-aktie;2016;2 €;16,18
A0KD0F;muehlhan-aktie;2017;4 €;-
A0KD0F;muehlhan-aktie;2018;5 €;-
A0KD0F;muehlhan-aktie;2019;6 €;10,06
A0KD0F;muehlhan-aktie;2020;0 €;133
A0KD0F;muehlhan-aktie;2021;8 €;8,09
A0KD0F;muehlhan-aktie;2022;-;-
558000;dierig_holding-aktie;2016;3 €;16,88
558000;dierig_holding-aktie;2017;3 €;20,44
558000;dierig_holding-aktie;2018;3 €;21,07
558000;dierig_holding-aktie;2019;0 €;221,43
558000;dierig_holding-aktie;2020;4 €;12,20
558000;dierig_holding-aktie;2021;4 €;16,16
558000;dierig_holding-aktie;2022;-;-
A1W9NS;ferratum-aktie;2016;13 €;28,86
A1W9NS;ferratum-aktie;2017;20 €;32,78
A1W9NS;ferratum-aktie;2018;19 €;8,99
A1W9NS;ferratum-aktie;2019;24 €;8,55
A1W9NS;ferratum-aktie;2020;0 €;253
A1W9NS;ferratum-aktie;2021;-3 €;-31,92
A1W9NS;ferratum-aktie;2022;-;-
A2AAE2;sbf-aktie;2016;0 €;-
A2AAE2;sbf-aktie;2017;1 €;9,90
A2AAE2;sbf-aktie;2018;1 €;7,10
A2AAE2;sbf-aktie;2019;3 €;8,60
A2AAE2;sbf-aktie;2020;2 €;37,40
A2AAE2;sbf-aktie;2021;5 €;20,20
A2AAE2;sbf-aktie;2022;-;-
577410;fortec_elektronik-aktie;2017;4 €;12,99
577410;fortec_elektronik-aktie;2018;4 €;16,10
577410;fortec_elektronik-aktie;2019;6 €;12,11
577410;fortec_elektronik-aktie;2020;5 €;12,04
577410;fortec_elektronik-aktie;2021;4 €;14,96
577410;fortec_elektronik-aktie;2022;6 €;12,29
577410;fortec_elektronik-aktie;2023;-;-
677550;nordwest_handel-aktie;2016;5 €;9,40
677550;nordwest_handel-aktie;2017;4 €;11,80
677550;nordwest_handel-aktie;2018;5 €;10,20
677550;nordwest_handel-aktie;2019;8 €;9,40
677550;nordwest_handel-aktie;2020;6 €;9,80
677550;nordwest_handel-aktie;2021;9 €;8,80
677550;nordwest_handel-aktie;2022;-;-
522877;orbis-aktie;2016;2 €;23
522877;orbis-aktie;2017;2 €;25,30
522877;orbis-aktie;2018;2 €;19,20
522877;orbis-aktie;2019;2 €;31,40
522877;orbis-aktie;2020;2 €;30,60
522877;orbis-aktie;2021;2 €;30,60
522877;orbis-aktie;2022;-;-
A0LBFE;mevis_medical_solutions-aktie;2017;6 €;12,81
A0LBFE;mevis_medical_solutions-aktie;2018;7 €;8,63
A0LBFE;mevis_medical_solutions-aktie;2019;8 €;6,55
A0LBFE;mevis_medical_solutions-aktie;2020;6 €;10,32
A0LBFE;mevis_medical_solutions-aktie;2021;5 €;12,80
A0LBFE;mevis_medical_solutions-aktie;2022;8 €;7,85
A0LBFE;mevis_medical_solutions-aktie;2023;-;-
A0EQ57;helma_eigenheimbau-aktie;2016;13 €;15,42
A0EQ57;helma_eigenheimbau-aktie;2017;13 €;13,57
A0EQ57;helma_eigenheimbau-aktie;2018;14 €;9,35
A0EQ57;helma_eigenheimbau-aktie;2019;16 €;10,40
A0EQ57;helma_eigenheimbau-aktie;2020;15 €;10,78
A0EQ57;helma_eigenheimbau-aktie;2021;19 €;13,86
A0EQ57;helma_eigenheimbau-aktie;2022;-;-
A12AGY;a_h_t_syngas_technology-aktie;2015;-;-
A12AGY;a_h_t_syngas_technology-aktie;2016;0 €;-
A12AGY;a_h_t_syngas_technology-aktie;2017;0 €;-
A12AGY;a_h_t_syngas_technology-aktie;2018;0 €;18,20
A12AGY;a_h_t_syngas_technology-aktie;2019;0 €;12,90
A12AGY;a_h_t_syngas_technology-aktie;2020;0 €;306,30
A12AGY;a_h_t_syngas_technology-aktie;2021;-;-
A3CMGM;apontis_pharma-aktie;2016;-;-
A3CMGM;apontis_pharma-aktie;2017;-;-
A3CMGM;apontis_pharma-aktie;2018;-;-
A3CMGM;apontis_pharma-aktie;2019;-2 €;-
A3CMGM;apontis_pharma-aktie;2020;-1 €;-
A3CMGM;apontis_pharma-aktie;2021;-1 €;-222,22
A3CMGM;apontis_pharma-aktie;2022;-;-
A289VV;haemato-aktie;2016;11 €;12,20
A289VV;haemato-aktie;2017;7 €;15,80
A289VV;haemato-aktie;2018;6 €;17,20
A289VV;haemato-aktie;2019;-1 €;-
A289VV;haemato-aktie;2020;-5 €;-
A289VV;haemato-aktie;2021;7 €;17,70
A289VV;haemato-aktie;2022;-;-
701600;wasgau-aktie;2015;3 €;27,10
701600;wasgau-aktie;2016;8 €;11,30
701600;wasgau-aktie;2017;6 €;21,10
701600;wasgau-aktie;2018;3 €;36,20
701600;wasgau-aktie;2019;3 €;37,20
701600;wasgau-aktie;2020;9 €;10,10
701600;wasgau-aktie;2021;8 €;12,10
A0JDBC;limes_schlosskliniken-aktie;2016;-;-
A0JDBC;limes_schlosskliniken-aktie;2017;-1 €;-
A0JDBC;limes_schlosskliniken-aktie;2018;-1 €;-
A0JDBC;limes_schlosskliniken-aktie;2019;-1 €;-32,03
A0JDBC;limes_schlosskliniken-aktie;2020;-1 €;-43,04
A0JDBC;limes_schlosskliniken-aktie;2021;4 €;15,32
A0JDBC;limes_schlosskliniken-aktie;2022;-;-
LS1LUS;lang_schwarz-aktie;2016;5 €;-
LS1LUS;lang_schwarz-aktie;2017;8 €;-
LS1LUS;lang_schwarz-aktie;2018;0 €;-
LS1LUS;lang_schwarz-aktie;2019;1 €;-
LS1LUS;lang_schwarz-aktie;2020;11 €;-
LS1LUS;lang_schwarz-aktie;2021;21 €;36,80
LS1LUS;lang_schwarz-aktie;2022;-;-
661403;mineralbrunnen_ueberkingen_vz-aktie;2016;4 €;13,40
661403;mineralbrunnen_ueberkingen_vz-aktie;2017;9 €;7,90
661403;mineralbrunnen_ueberkingen_vz-aktie;2018;11 €;11,40
661403;mineralbrunnen_ueberkingen_vz-aktie;2019;18 €;10,40
661403;mineralbrunnen_ueberkingen_vz-aktie;2020;3 €;27,30
661403;mineralbrunnen_ueberkingen_vz-aktie;2021;6 €;15,20
661403;mineralbrunnen_ueberkingen_vz-aktie;2022;-;-
784686;viscom-aktie;2016;7 €;16,56
784686;viscom-aktie;2017;9 €;29,17
784686;viscom-aktie;2018;8 €;15,40
784686;viscom-aktie;2019;3 €;26,31
784686;viscom-aktie;2020;-4 €;-19,55
784686;viscom-aktie;2021;3 €;705
784686;viscom-aktie;2022;-;-
694280;scherzer_co-aktie;2016;4 €;13,94
694280;scherzer_co-aktie;2017;8 €;10
694280;scherzer_co-aktie;2018;-1 €;-77,67
694280;scherzer_co-aktie;2019;-2 €;-27,50
694280;scherzer_co-aktie;2020;13 €;5,67
694280;scherzer_co-aktie;2021;12 €;8,10
694280;scherzer_co-aktie;2022;-;-
856244;diebold-aktie;2016;-33 €;-54,39
856244;diebold-aktie;2017;-233 €;-4,49
856244;diebold-aktie;2018;-569 €;-0,30
856244;diebold-aktie;2019;-341 €;-2,20
856244;diebold-aktie;2020;-269 €;-2,50
856244;diebold-aktie;2021;-79 €;-7,53
856244;diebold-aktie;2022;-;-
576550;sino-aktie;2016;1 €;20,80
576550;sino-aktie;2017;2 €;6,20
576550;sino-aktie;2018;-1 €;-
576550;sino-aktie;2019;-2 €;-
576550;sino-aktie;2020;14 €;2,60
576550;sino-aktie;2021;139 €;1,50
576550;sino-aktie;2022;-;-
A0NK3W;sparta-aktie;2015;10 €;6,20
A0NK3W;sparta-aktie;2016;6 €;14,70
A0NK3W;sparta-aktie;2017;17 €;6,50
A0NK3W;sparta-aktie;2018;-1 €;-
A0NK3W;sparta-aktie;2019;0 €;177,70
A0NK3W;sparta-aktie;2020;16 €;6,50
A0NK3W;sparta-aktie;2021;-1 €;-
812820;dialight-aktie;2016;-3 GBX;-
812820;dialight-aktie;2017;1 GBX;1,52
812820;dialight-aktie;2018;5 GBX;0,25
812820;dialight-aktie;2019;-16 GBX;-5,33
812820;dialight-aktie;2020;-8 GBX;-11
812820;dialight-aktie;2021;0 GBX;-
812820;dialight-aktie;2022;-;-
A16123;ekotechnika-aktie;2017;9 €;2,50
A16123;ekotechnika-aktie;2018;5 €;7,70
A16123;ekotechnika-aktie;2019;7 €;-
A16123;ekotechnika-aktie;2020;2 €;-
A16123;ekotechnika-aktie;2021;14 €;-
A16123;ekotechnika-aktie;2022;26 €;-
A16123;ekotechnika-aktie;2023;-;-
A0M6P5;pannergy_nyrt-aktie;2015;78 HUF;84,10
A0M6P5;pannergy_nyrt-aktie;2016;-151 HUF;-
A0M6P5;pannergy_nyrt-aktie;2017;488 HUF;26,70
A0M6P5;pannergy_nyrt-aktie;2018;434 HUF;32,20
A0M6P5;pannergy_nyrt-aktie;2019;728 HUF;18,10
A0M6P5;pannergy_nyrt-aktie;2020;236 HUF;54,20
A0M6P5;pannergy_nyrt-aktie;2021;-;-
A289V0;mph_health_care-aktie;2016;80 €;2
A289V0;mph_health_care-aktie;2017;32 €;5
A289V0;mph_health_care-aktie;2018;37 €;4,30
A289V0;mph_health_care-aktie;2019;11 €;15,20
A289V0;mph_health_care-aktie;2020;-70 €;-
A289V0;mph_health_care-aktie;2021;-9 €;-
A289V0;mph_health_care-aktie;2022;-;-
517800;softing-aktie;2016;6 €;20,40
517800;softing-aktie;2017;1 €;123,65
517800;softing-aktie;2018;3 €;17,62
517800;softing-aktie;2019;3 €;25,23
517800;softing-aktie;2020;-5 €;-10,23
517800;softing-aktie;2021;0 €;-237,33
517800;softing-aktie;2022;-;-
621468;mueller_die_lila_logistik-aktie;2016;3 €;20,67
621468;mueller_die_lila_logistik-aktie;2017;2 €;27,88
621468;mueller_die_lila_logistik-aktie;2018;1 €;35,31
621468;mueller_die_lila_logistik-aktie;2019;7 €;9,59
621468;mueller_die_lila_logistik-aktie;2020;1 €;33,75
621468;mueller_die_lila_logistik-aktie;2021;10 €;4,61
621468;mueller_die_lila_logistik-aktie;2022;-;-
121806;finlab-aktie;2016;14 €;4,68
121806;finlab-aktie;2017;14 €;9,01
121806;finlab-aktie;2018;17 €;4,43
121806;finlab-aktie;2019;40 €;1,99
121806;finlab-aktie;2020;6 €;18,60
121806;finlab-aktie;2021;0 €;-350
121806;finlab-aktie;2022;-;-
A0L1NN;heliad_equity_partners-aktie;2016;-22 €;-
A0L1NN;heliad_equity_partners-aktie;2017;39 €;-
A0L1NN;heliad_equity_partners-aktie;2018;-57 €;-
A0L1NN;heliad_equity_partners-aktie;2019;11 €;-
A0L1NN;heliad_equity_partners-aktie;2020;57 €;-
A0L1NN;heliad_equity_partners-aktie;2021;17 €;-
A0L1NN;heliad_equity_partners-aktie;2022;-;-
750100;ttl_beteiligungs_und_grundbesitz-aktie;2016;0 €;-48,06
750100;ttl_beteiligungs_und_grundbesitz-aktie;2017;1 €;-
750100;ttl_beteiligungs_und_grundbesitz-aktie;2018;3 €;-
750100;ttl_beteiligungs_und_grundbesitz-aktie;2019;5 €;16,27
750100;ttl_beteiligungs_und_grundbesitz-aktie;2020;3 €;21,17
750100;ttl_beteiligungs_und_grundbesitz-aktie;2021;2 €;37,43
750100;ttl_beteiligungs_und_grundbesitz-aktie;2022;-;-
A1CT6Y;supergroup-aktie;2016;66 GBX;-
A1CT6Y;supergroup-aktie;2017;51 GBX;-
A1CT6Y;supergroup-aktie;2018;-102 GBX;-
A1CT6Y;supergroup-aktie;2019;-143 GBX;-
A1CT6Y;supergroup-aktie;2020;-36 GBX;-
A1CT6Y;supergroup-aktie;2021;26 GBX;10,41
A1CT6Y;supergroup-aktie;2022;-;-
528000;bbi_buergerliches_brauhaus_immobilien-aktie;2016;0 €;-
528000;bbi_buergerliches_brauhaus_immobilien-aktie;2017;0 €;-
528000;bbi_buergerliches_brauhaus_immobilien-aktie;2018;0 €;-
528000;bbi_buergerliches_brauhaus_immobilien-aktie;2019;0 €;-
528000;bbi_buergerliches_brauhaus_immobilien-aktie;2020;0 €;-
528000;bbi_buergerliches_brauhaus_immobilien-aktie;2021;0 €;-
528000;bbi_buergerliches_brauhaus_immobilien-aktie;2022;-;-
540888;leoni-aktie;2016;10 €;112,82
540888;leoni-aktie;2017;145 €;14,05
540888;leoni-aktie;2018;76 €;13,11
540888;leoni-aktie;2019;-435 €;-0,78
540888;leoni-aktie;2020;-330 €;-0,66
540888;leoni-aktie;2021;-48 €;-6,79
540888;leoni-aktie;2022;-;-
A2TSU2;wild_bunch-aktie;2015;-7 €;-
A2TSU2;wild_bunch-aktie;2016;0 €;50
A2TSU2;wild_bunch-aktie;2017;-6 €;-
A2TSU2;wild_bunch-aktie;2018;-13 €;-
A2TSU2;wild_bunch-aktie;2019;-12 €;-
A2TSU2;wild_bunch-aktie;2020;-76 €;-
A2TSU2;wild_bunch-aktie;2021;-16 €;-
A1TNMM;centrotherm_international-aktie;2016;-6 €;-
A1TNMM;centrotherm_international-aktie;2017;12 €;3,60
A1TNMM;centrotherm_international-aktie;2018;2 €;20
A1TNMM;centrotherm_international-aktie;2019;-15 €;-
A1TNMM;centrotherm_international-aktie;2020;-11 €;-
A1TNMM;centrotherm_international-aktie;2021;12 €;9,10
A1TNMM;centrotherm_international-aktie;2022;-;-
A161NR;the_naga_group-aktie;2016;-7 €;-
A161NR;the_naga_group-aktie;2017;-2 €;-177,67
A161NR;the_naga_group-aktie;2018;-4 €;-20,32
A161NR;the_naga_group-aktie;2019;-12 €;-1,84
A161NR;the_naga_group-aktie;2020;1 €;134,67
A161NR;the_naga_group-aktie;2021;-11 €;-36,43
A161NR;the_naga_group-aktie;2022;-;-
A0JKWU;petro_welt_technologies-aktie;2016;25 €;13,45
A0JKWU;petro_welt_technologies-aktie;2017;31 €;10,62
A0JKWU;petro_welt_technologies-aktie;2018;11 €;23,36
A0JKWU;petro_welt_technologies-aktie;2019;5 €;30,64
A0JKWU;petro_welt_technologies-aktie;2020;7 €;15
A0JKWU;petro_welt_technologies-aktie;2021;3 €;55,25
A0JKWU;petro_welt_technologies-aktie;2022;-;-
A2PAFJ;cabcharge_austrla_ord-aktie;2016;26 AU$;13,80
A2PAFJ;cabcharge_austrla_ord-aktie;2017;-91 AU$;-
A2PAFJ;cabcharge_austrla_ord-aktie;2018;-2 AU$;-
A2PAFJ;cabcharge_austrla_ord-aktie;2019;12 AU$;18,10
A2PAFJ;cabcharge_austrla_ord-aktie;2020;-24 AU$;-
A2PAFJ;cabcharge_austrla_ord-aktie;2021;-18 AU$;-
A2PAFJ;cabcharge_austrla_ord-aktie;2022;-;-
A1CWVZ;pharos_energy_plc-aktie;2015;-34 $;-
A1CWVZ;pharos_energy_plc-aktie;2016;-18 $;-
A1CWVZ;pharos_energy_plc-aktie;2017;-157 $;-
A1CWVZ;pharos_energy_plc-aktie;2018;28 $;8,20
A1CWVZ;pharos_energy_plc-aktie;2019;-25 $;-
A1CWVZ;pharos_energy_plc-aktie;2020;-216 $;-
A1CWVZ;pharos_energy_plc-aktie;2021;-;-
A1MME7;netfonds-aktie;2016;1 €;-
A1MME7;netfonds-aktie;2017;1 €;-
A1MME7;netfonds-aktie;2018;-1 €;-
A1MME7;netfonds-aktie;2019;0 €;-
A1MME7;netfonds-aktie;2020;0 €;-
A1MME7;netfonds-aktie;2021;9 €;-
A1MME7;netfonds-aktie;2022;-;-
626538;tribal_group-aktie;2016;-1 GBX;-
626538;tribal_group-aktie;2017;3 GBX;-
626538;tribal_group-aktie;2018;4 GBX;-
626538;tribal_group-aktie;2019;-3 GBX;-
626538;tribal_group-aktie;2020;6 GBX;-
626538;tribal_group-aktie;2021;7 GBX;38
626538;tribal_group-aktie;2022;-;-
763793;nebag-aktie;2016;10 CHF;8,94
763793;nebag-aktie;2017;12 CHF;8,58
763793;nebag-aktie;2018;1 CHF;66,67
763793;nebag-aktie;2019;6 CHF;14,37
763793;nebag-aktie;2020;-4 CHF;-23,12
763793;nebag-aktie;2021;7 CHF;11,39
763793;nebag-aktie;2022;-;-
A2LQ2D;029_group_se-aktie;2016;-;-
A2LQ2D;029_group_se-aktie;2017;-;-
A2LQ2D;029_group_se-aktie;2018;-;-
A2LQ2D;029_group_se-aktie;2019;-;-
A2LQ2D;029_group_se-aktie;2020;-;-
A2LQ2D;029_group_se-aktie;2021;0 €;-
A2LQ2D;029_group_se-aktie;2022;-;-
657800;khd_humboldt_wedag_international-aktie;2016;-29 €;-
657800;khd_humboldt_wedag_international-aktie;2017;-19 €;-
657800;khd_humboldt_wedag_international-aktie;2018;-25 €;-
657800;khd_humboldt_wedag_international-aktie;2019;-19 €;-
657800;khd_humboldt_wedag_international-aktie;2020;-8 €;-
657800;khd_humboldt_wedag_international-aktie;2021;-1 €;-
657800;khd_humboldt_wedag_international-aktie;2022;-;-
A0KFCC;graphisoft_park-aktie;2015;3 €;28,40
A0KFCC;graphisoft_park-aktie;2016;3 €;30,70
A0KFCC;graphisoft_park-aktie;2017;4 €;4,30
A0KFCC;graphisoft_park-aktie;2018;15 €;7,10
A0KFCC;graphisoft_park-aktie;2019;16 €;9,10
A0KFCC;graphisoft_park-aktie;2020;-14 €;-
A0KFCC;graphisoft_park-aktie;2021;-;-
A16820;shareholder_value_beteiligungen-aktie;2016;10 €;5,99
A16820;shareholder_value_beteiligungen-aktie;2017;19 €;4,75
A16820;shareholder_value_beteiligungen-aktie;2018;-8 €;-8,42
A16820;shareholder_value_beteiligungen-aktie;2019;4 €;18,35
A16820;shareholder_value_beteiligungen-aktie;2020;0 €;419,57
A16820;shareholder_value_beteiligungen-aktie;2021;38 €;2,62
A16820;shareholder_value_beteiligungen-aktie;2022;-;-
A3C7M8;easymotionskin_tec-aktie;2015;-;-
A3C7M8;easymotionskin_tec-aktie;2016;-;-
A3C7M8;easymotionskin_tec-aktie;2017;-;-
A3C7M8;easymotionskin_tec-aktie;2018;-;-
A3C7M8;easymotionskin_tec-aktie;2019;0 CHF;-
A3C7M8;easymotionskin_tec-aktie;2020;4 CHF;-
A3C7M8;easymotionskin_tec-aktie;2021;-;-
553860;dvs_technology-aktie;2016;3 €;44,52
553860;dvs_technology-aktie;2017;2 €;-
553860;dvs_technology-aktie;2018;6 €;15,04
553860;dvs_technology-aktie;2019;5 €;28,39
553860;dvs_technology-aktie;2020;-3 €;-58,62
553860;dvs_technology-aktie;2021;-9 €;-18,09
553860;dvs_technology-aktie;2022;-;-
A2AFKR;zueblin_immobilien_holding-aktie;2016;30 CHF;-
A2AFKR;zueblin_immobilien_holding-aktie;2017;-29 CHF;-
A2AFKR;zueblin_immobilien_holding-aktie;2018;6 CHF;-
A2AFKR;zueblin_immobilien_holding-aktie;2019;5 CHF;-
A2AFKR;zueblin_immobilien_holding-aktie;2020;4 CHF;-
A2AFKR;zueblin_immobilien_holding-aktie;2021;6 CHF;-
A2AFKR;zueblin_immobilien_holding-aktie;2022;-;-
A0M7HE;npc_incorporated-aktie;2015;562 ¥;13,60
A0M7HE;npc_incorporated-aktie;2016;-123 ¥;-
A0M7HE;npc_incorporated-aktie;2017;283 ¥;17,90
A0M7HE;npc_incorporated-aktie;2018;411 ¥;18,40
A0M7HE;npc_incorporated-aktie;2019;681 ¥;10,50
A0M7HE;npc_incorporated-aktie;2020;749 ¥;11,70
A0M7HE;npc_incorporated-aktie;2021;-;39,20
604611;biofrontera-aktie;2016;-11 €;-12,59
604611;biofrontera-aktie;2017;-16 €;-10,96
604611;biofrontera-aktie;2018;-9 €;-25,15
604611;biofrontera-aktie;2019;-8 €;-27,44
604611;biofrontera-aktie;2020;-13 €;-10,31
604611;biofrontera-aktie;2021;38 €;2,21
604611;biofrontera-aktie;2022;-;-
A2G8X3;serviceware-aktie;2017;5 €;-
A2G8X3;serviceware-aktie;2018;-1 €;-184,50
A2G8X3;serviceware-aktie;2019;-1 €;-132,84
A2G8X3;serviceware-aktie;2020;-2 €;-93
A2G8X3;serviceware-aktie;2021;-2 €;-86
A2G8X3;serviceware-aktie;2022;-;-
A2G8X3;serviceware-aktie;2023;-;-
A2PXPB;capital_2b_regional_gb00bl6xz716-aktie;2016;-4 GBX;-
A2PXPB;capital_2b_regional_gb00bl6xz716-aktie;2017;22 GBX;-
A2PXPB;capital_2b_regional_gb00bl6xz716-aktie;2018;-26 GBX;-
A2PXPB;capital_2b_regional_gb00bl6xz716-aktie;2019;-121 GBX;-
A2PXPB;capital_2b_regional_gb00bl6xz716-aktie;2020;-203 GBX;-0,45
A2PXPB;capital_2b_regional_gb00bl6xz716-aktie;2021;-26 GBX;-4,39
A2PXPB;capital_2b_regional_gb00bl6xz716-aktie;2022;12 GBX;9,64
A2QKU6;cig_pannonia_life_insurance-aktie;2015;928 HUF;9,70
A2QKU6;cig_pannonia_life_insurance-aktie;2016;724 HUF;18,50
A2QKU6;cig_pannonia_life_insurance-aktie;2017;2.598 HUF;12
A2QKU6;cig_pannonia_life_insurance-aktie;2018;2.055 HUF;-
A2QKU6;cig_pannonia_life_insurance-aktie;2019;-1.572 HUF;-
A2QKU6;cig_pannonia_life_insurance-aktie;2020;284 HUF;-
A2QKU6;cig_pannonia_life_insurance-aktie;2021;-;-
A1MMEV;sgt_german_private_equity_gmbh_co_kgaa-aktie;2016;-3 €;-
A1MMEV;sgt_german_private_equity_gmbh_co_kgaa-aktie;2017;2 €;13,30
A1MMEV;sgt_german_private_equity_gmbh_co_kgaa-aktie;2018;-1 €;-
A1MMEV;sgt_german_private_equity_gmbh_co_kgaa-aktie;2019;3 €;8,60
A1MMEV;sgt_german_private_equity_gmbh_co_kgaa-aktie;2020;-1 €;-
A1MMEV;sgt_german_private_equity_gmbh_co_kgaa-aktie;2021;-;-
A1MMEV;sgt_german_private_equity_gmbh_co_kgaa-aktie;2022;-;-
A14XB9;steinhoff_international_holdings-aktie;2016;1.437 €;13,70
A14XB9;steinhoff_international_holdings-aktie;2017;-4.036 €;-
A14XB9;steinhoff_international_holdings-aktie;2018;-1.247 €;-
A14XB9;steinhoff_international_holdings-aktie;2019;-1.622 €;-
A14XB9;steinhoff_international_holdings-aktie;2020;-2.272 €;-
A14XB9;steinhoff_international_holdings-aktie;2021;-974 €;-
A14XB9;steinhoff_international_holdings-aktie;2022;-;-
A0MSH6;addex_pharma-aktie;2016;-3 CHF;-
A0MSH6;addex_pharma-aktie;2017;-3 CHF;-
A0MSH6;addex_pharma-aktie;2018;-2 CHF;-
A0MSH6;addex_pharma-aktie;2019;-15 CHF;-
A0MSH6;addex_pharma-aktie;2020;-13 CHF;-
A0MSH6;addex_pharma-aktie;2021;-15 CHF;-
A0MSH6;addex_pharma-aktie;2022;-;-
890218;airesis-aktie;2016;-15 CHF;-5,79
890218;airesis-aktie;2017;-3 CHF;-22,80
890218;airesis-aktie;2018;-1 CHF;-124
890218;airesis-aktie;2019;-11 CHF;-6,56
890218;airesis-aktie;2020;-19 CHF;-2,95
890218;airesis-aktie;2021;-8 CHF;-5,58
890218;airesis-aktie;2022;-;-
A0LGDU;hansard_global-aktie;2017;8 GBX;9,68
A0LGDU;hansard_global-aktie;2018;7 GBX;5,85
A0LGDU;hansard_global-aktie;2019;5 GBX;8,28
A0LGDU;hansard_global-aktie;2020;5 GBX;12,33
A0LGDU;hansard_global-aktie;2021;5 GBX;16,88
A0LGDU;hansard_global-aktie;2022;4 GBX;16,67
A0LGDU;hansard_global-aktie;2023;-;-
A0ET25;takarek_mtg_bk_na_a-aktie;2015;-8.304 HUF;-
A0ET25;takarek_mtg_bk_na_a-aktie;2016;-11.048 HUF;-
A0ET25;takarek_mtg_bk_na_a-aktie;2017;-3.949 HUF;-
A0ET25;takarek_mtg_bk_na_a-aktie;2018;6.897 HUF;10,10
A0ET25;takarek_mtg_bk_na_a-aktie;2019;22.306 HUF;-
A0ET25;takarek_mtg_bk_na_a-aktie;2020;1.641 HUF;-
A0ET25;takarek_mtg_bk_na_a-aktie;2021;-;-
547930;varengold_bank-aktie;2016;-1 €;-12,95
547930;varengold_bank-aktie;2017;0 €;-
547930;varengold_bank-aktie;2018;1 €;76,40
547930;varengold_bank-aktie;2019;2 €;23,13
547930;varengold_bank-aktie;2020;2 €;21,65
547930;varengold_bank-aktie;2021;17 €;2,58
547930;varengold_bank-aktie;2022;-;-
A1X3YY;bastei_luebbe-aktie;2017;-13 €;-6,37
A1X3YY;bastei_luebbe-aktie;2018;1 €;62,60
A1X3YY;bastei_luebbe-aktie;2019;-6 €;-3,67
A1X3YY;bastei_luebbe-aktie;2020;7 €;3,53
A1X3YY;bastei_luebbe-aktie;2021;11 €;5,31
A1X3YY;bastei_luebbe-aktie;2022;-;-
A1X3YY;bastei_luebbe-aktie;2023;-;-
A3CMGN;hgears_ag-aktie;2016;-;-
A3CMGN;hgears_ag-aktie;2017;2 €;-
A3CMGN;hgears_ag-aktie;2018;-2 €;-
A3CMGN;hgears_ag-aktie;2019;-5 €;-
A3CMGN;hgears_ag-aktie;2020;7 €;-
A3CMGN;hgears_ag-aktie;2021;2 €;94,78
A3CMGN;hgears_ag-aktie;2022;-;-
884304;bed_bath_beyond-aktie;2017;425 $;13,20
884304;bed_bath_beyond-aktie;2018;-137 $;-21,02
884304;bed_bath_beyond-aktie;2019;-614 $;-3,35
884304;bed_bath_beyond-aktie;2020;-151 $;-8,79
884304;bed_bath_beyond-aktie;2021;-560 $;-4,78
884304;bed_bath_beyond-aktie;2022;-;-
884304;bed_bath_beyond-aktie;2023;-;-
FPH900;francotyp_postalia-aktie;2016;6 €;14,67
FPH900;francotyp_postalia-aktie;2017;5 €;15,93
FPH900;francotyp_postalia-aktie;2018;1 €;49,67
FPH900;francotyp_postalia-aktie;2019;2 €;31,64
FPH900;francotyp_postalia-aktie;2020;-15 €;-3,35
FPH900;francotyp_postalia-aktie;2021;0 €;-
FPH900;francotyp_postalia-aktie;2022;-;-
A0LR4P;hwa-aktie;2016;0 €;-
A0LR4P;hwa-aktie;2017;1 €;-
A0LR4P;hwa-aktie;2018;3 €;-
A0LR4P;hwa-aktie;2019;-8 €;-9,47
A0LR4P;hwa-aktie;2020;-11 €;-4,71
A0LR4P;hwa-aktie;2021;1 €;80,50
A0LR4P;hwa-aktie;2022;-;-
A2QH97;lion_e_mobility-aktie;2016;-;-
A2QH97;lion_e_mobility-aktie;2017;-1 CHF;-
A2QH97;lion_e_mobility-aktie;2018;-2 CHF;-
A2QH97;lion_e_mobility-aktie;2019;-1 CHF;-
A2QH97;lion_e_mobility-aktie;2020;-;-
A2QH97;lion_e_mobility-aktie;2021;-;-
A2QH97;lion_e_mobility-aktie;2022;-;-
783057;daldrup_soehne-aktie;2016;0 €;108,16
783057;daldrup_soehne-aktie;2017;0 €;295,38
783057;daldrup_soehne-aktie;2018;-17 €;-2,78
783057;daldrup_soehne-aktie;2019;-12 €;-1,89
783057;daldrup_soehne-aktie;2020;-5 €;-3,71
783057;daldrup_soehne-aktie;2021;1 €;38,46
783057;daldrup_soehne-aktie;2022;-;-
A1YC99;the_social_chain-aktie;2016;-;-
A1YC99;the_social_chain-aktie;2017;-1 €;-
A1YC99;the_social_chain-aktie;2018;-6 €;-
A1YC99;the_social_chain-aktie;2019;-28 €;-
A1YC99;the_social_chain-aktie;2020;-26 €;-11,67
A1YC99;the_social_chain-aktie;2021;-82 €;-6,84
A1YC99;the_social_chain-aktie;2022;-;-
A2ALS5;kuros_biosciences-aktie;2016;-20 CHF;-3,69
A2ALS5;kuros_biosciences-aktie;2017;-16 CHF;-
A2ALS5;kuros_biosciences-aktie;2018;-12 CHF;-0,82
A2ALS5;kuros_biosciences-aktie;2019;-11 CHF;-5,33
A2ALS5;kuros_biosciences-aktie;2020;-12 CHF;-5,77
A2ALS5;kuros_biosciences-aktie;2021;-8 CHF;-8,37
A2ALS5;kuros_biosciences-aktie;2022;-15 CHF;-3,65
A2N9MM;marinomed_biotech-aktie;2016;-2 €;-
A2N9MM;marinomed_biotech-aktie;2017;-2 €;-
A2N9MM;marinomed_biotech-aktie;2018;-12 €;-
A2N9MM;marinomed_biotech-aktie;2019;-7 €;-
A2N9MM;marinomed_biotech-aktie;2020;-6 €;-
A2N9MM;marinomed_biotech-aktie;2021;-6 €;-
A2N9MM;marinomed_biotech-aktie;2022;-;-
A0KFKB;accentro_real_estate-aktie;2016;26 €;-
A0KFKB;accentro_real_estate-aktie;2017;20 €;-
A0KFKB;accentro_real_estate-aktie;2018;18 €;-
A0KFKB;accentro_real_estate-aktie;2019;26 €;-
A0KFKB;accentro_real_estate-aktie;2020;17 €;-
A0KFKB;accentro_real_estate-aktie;2021;12 €;-
A0KFKB;accentro_real_estate-aktie;2022;-;-
896261;mcbride_plc_ls_10-aktie;2017;9 GBX;-
896261;mcbride_plc_ls_10-aktie;2018;3 GBX;-
896261;mcbride_plc_ls_10-aktie;2019;8 GBX;-
896261;mcbride_plc_ls_10-aktie;2020;7 GBX;-
896261;mcbride_plc_ls_10-aktie;2021;13 GBX;14,29
896261;mcbride_plc_ls_10-aktie;2022;-36 GBX;-0,92
896261;mcbride_plc_ls_10-aktie;2023;-;-
A2ANWB;gaia_inc_a_dl_0001-aktie;2016;87 $;-
A2ANWB;gaia_inc_a_dl_0001-aktie;2017;-23 $;-
A2ANWB;gaia_inc_a_dl_0001-aktie;2018;-34 $;-5,48
A2ANWB;gaia_inc_a_dl_0001-aktie;2019;-18 $;-8,07
A2ANWB;gaia_inc_a_dl_0001-aktie;2020;1 $;329,33
A2ANWB;gaia_inc_a_dl_0001-aktie;2021;4 $;45,11
A2ANWB;gaia_inc_a_dl_0001-aktie;2022;-3 $;-15,87
A2G8XP;aifinyo_ag-aktie;2016;-;-
A2G8XP;aifinyo_ag-aktie;2017;0 €;-
A2G8XP;aifinyo_ag-aktie;2018;0 €;-
A2G8XP;aifinyo_ag-aktie;2019;0 €;-
A2G8XP;aifinyo_ag-aktie;2020;-3 €;-26,80
A2G8XP;aifinyo_ag-aktie;2021;0 €;-
A2G8XP;aifinyo_ag-aktie;2022;-;-
A0ETPA;forsys_metals-aktie;2016;-1 CA$;-5,80
A0ETPA;forsys_metals-aktie;2017;-75 CA$;-0,22
A0ETPA;forsys_metals-aktie;2018;0 CA$;-
A0ETPA;forsys_metals-aktie;2019;-1 CA$;-7,86
A0ETPA;forsys_metals-aktie;2020;-1 CA$;-
A0ETPA;forsys_metals-aktie;2021;-4 CA$;-
A0ETPA;forsys_metals-aktie;2022;-;-
940883;ad_pepper_media-aktie;2016;1 €;80
940883;ad_pepper_media-aktie;2017;1 €;116,33
940883;ad_pepper_media-aktie;2018;0 €;247
940883;ad_pepper_media-aktie;2019;1 €;49,83
940883;ad_pepper_media-aktie;2020;4 €;28,94
940883;ad_pepper_media-aktie;2021;2 €;297
940883;ad_pepper_media-aktie;2022;-;-
A0KF6M;hanseyachts-aktie;2017;3 €;23,81
A0KF6M;hanseyachts-aktie;2018;-2 €;-44,73
A0KF6M;hanseyachts-aktie;2019;3 €;19,55
A0KF6M;hanseyachts-aktie;2020;-16 €;-2,68
A0KF6M;hanseyachts-aktie;2021;-9 €;-8,36
A0KF6M;hanseyachts-aktie;2022;-19 €;-2,81
A0KF6M;hanseyachts-aktie;2023;-;-
A1X3W0;medigene-aktie;2016;-9 €;-30,39
A1X3W0;medigene-aktie;2017;-14 €;-23,09
A1X3W0;medigene-aktie;2018;-17 €;-10,72
A1X3W0;medigene-aktie;2019;-20 €;-4,99
A1X3W0;medigene-aktie;2020;-29 €;-3
A1X3W0;medigene-aktie;2021;-10 €;-6,89
A1X3W0;medigene-aktie;2022;-;-
A3DRAE;smt_scharf-aktie;2016;2 €;30,80
A3DRAE;smt_scharf-aktie;2017;4 €;15,80
A3DRAE;smt_scharf-aktie;2018;5 €;11,70
A3DRAE;smt_scharf-aktie;2019;6 €;8,30
A3DRAE;smt_scharf-aktie;2020;-8 €;-
A3DRAE;smt_scharf-aktie;2021;13 €;5,80
A3DRAE;smt_scharf-aktie;2022;-;-
A2YN77;pferdewetten_de-aktie;2016;2 €;20
A2YN77;pferdewetten_de-aktie;2017;3 €;20,20
A2YN77;pferdewetten_de-aktie;2018;-1 €;-
A2YN77;pferdewetten_de-aktie;2019;3 €;14,30
A2YN77;pferdewetten_de-aktie;2020;2 €;32,90
A2YN77;pferdewetten_de-aktie;2021;0 €;-
A2YN77;pferdewetten_de-aktie;2022;-;-
895464;pharol-aktie;2016;-;-
895464;pharol-aktie;2017;-806 €;-
895464;pharol-aktie;2018;-6 €;-
895464;pharol-aktie;2019;21 €;-
895464;pharol-aktie;2020;-14 €;-
895464;pharol-aktie;2021;-2 €;-
895464;pharol-aktie;2022;-;-
A0V9LA;datron-aktie;2016;2 €;18,75
A0V9LA;datron-aktie;2017;4 €;13,31
A0V9LA;datron-aktie;2018;4 €;12,47
A0V9LA;datron-aktie;2019;3 €;15,92
A0V9LA;datron-aktie;2020;1 €;24,32
A0V9LA;datron-aktie;2021;4 €;12,50
A0V9LA;datron-aktie;2022;-;-
593273;yoc-aktie;2016;-2 €;-6,92
593273;yoc-aktie;2017;-1 €;-51,76
593273;yoc-aktie;2018;0 €;-74
593273;yoc-aktie;2019;0 €;-28
593273;yoc-aktie;2020;0 €;100
593273;yoc-aktie;2021;2 €;266
593273;yoc-aktie;2022;-;-
A3H3L4;2invest-aktie;2016;-4 €;-
A3H3L4;2invest-aktie;2017;-3 €;-
A3H3L4;2invest-aktie;2018;0 €;-
A3H3L4;2invest-aktie;2019;-3 €;-
A3H3L4;2invest-aktie;2020;55 €;-
A3H3L4;2invest-aktie;2021;-2 €;-
A3H3L4;2invest-aktie;2022;-;-
521830;mobotix-aktie;2017;-6 €;-
521830;mobotix-aktie;2018;0 €;-
521830;mobotix-aktie;2019;1 €;-
521830;mobotix-aktie;2020;5 €;-
521830;mobotix-aktie;2021;0 €;-
521830;mobotix-aktie;2022;-;-
521830;mobotix-aktie;2023;-;-
A2PXQD;tubesolar_ag-aktie;2016;-;-
A2PXQD;tubesolar_ag-aktie;2017;-;-
A2PXQD;tubesolar_ag-aktie;2018;-;-
A2PXQD;tubesolar_ag-aktie;2019;-;-
A2PXQD;tubesolar_ag-aktie;2020;-1 €;-
A2PXQD;tubesolar_ag-aktie;2021;-2 €;-
A2PXQD;tubesolar_ag-aktie;2022;-;-
A0B65S;paion-aktie;2016;-20 €;-8,74
A0B65S;paion-aktie;2017;-12 €;-15,99
A0B65S;paion-aktie;2018;-10 €;-15,43
A0B65S;paion-aktie;2019;-7 €;-20,30
A0B65S;paion-aktie;2020;2 €;80
A0B65S;paion-aktie;2021;-22 €;-4,17
A0B65S;paion-aktie;2022;-;-
A3E5C2;mhp_hotel_inh-aktie;2015;0 €;-
A3E5C2;mhp_hotel_inh-aktie;2016;-2 €;-
A3E5C2;mhp_hotel_inh-aktie;2017;-1 €;-
A3E5C2;mhp_hotel_inh-aktie;2018;-1 €;-
A3E5C2;mhp_hotel_inh-aktie;2019;0 €;-
A3E5C2;mhp_hotel_inh-aktie;2020;0 €;-
A3E5C2;mhp_hotel_inh-aktie;2021;0 €;-
503200;alexanderwerk-aktie;2016;3 €;2,60
503200;alexanderwerk-aktie;2017;5 €;5,40
503200;alexanderwerk-aktie;2018;4 €;6,40
503200;alexanderwerk-aktie;2019;3 €;13
503200;alexanderwerk-aktie;2020;3 €;11,70
503200;alexanderwerk-aktie;2021;5 €;11,90
503200;alexanderwerk-aktie;2022;-;-
A0DNAY;bet_at_home_com-aktie;2016;31 €;18,10
A0DNAY;bet_at_home_com-aktie;2017;33 €;22,23
A0DNAY;bet_at_home_com-aktie;2018;33 €;9,85
A0DNAY;bet_at_home_com-aktie;2019;18 €;20,66
A0DNAY;bet_at_home_com-aktie;2020;23 €;9,59
A0DNAY;bet_at_home_com-aktie;2021;11 €;7,96
A0DNAY;bet_at_home_com-aktie;2022;-;-
585518;ms_industrie-aktie;2016;4 €;11,82
585518;ms_industrie-aktie;2017;7 €;8,88
585518;ms_industrie-aktie;2018;7 €;16,13
585518;ms_industrie-aktie;2019;17 €;3,54
585518;ms_industrie-aktie;2020;-7 €;-6,10
585518;ms_industrie-aktie;2021;-4 €;-11
585518;ms_industrie-aktie;2022;-;-
564793;edding-aktie;2016;7 €;13,50
564793;edding-aktie;2017;8 €;13,90
564793;edding-aktie;2018;7 €;12,60
564793;edding-aktie;2019;7 €;11,90
564793;edding-aktie;2020;6 €;12,80
564793;edding-aktie;2021;2 €;34,30
564793;edding-aktie;2022;-;-
656940;albis_leasing-aktie;2016;3 €;18,71
656940;albis_leasing-aktie;2017;4 €;16,15
656940;albis_leasing-aktie;2018;4 €;13,67
656940;albis_leasing-aktie;2019;2 €;37,56
656940;albis_leasing-aktie;2020;1 €;99,33
656940;albis_leasing-aktie;2021;2 €;38,25
656940;albis_leasing-aktie;2022;-;-
A25420;meta_wolf_ag-aktie;2016;-;-
A25420;meta_wolf_ag-aktie;2017;0 €;-
A25420;meta_wolf_ag-aktie;2018;0 €;-
A25420;meta_wolf_ag-aktie;2019;58 €;0,10
A25420;meta_wolf_ag-aktie;2020;0 €;-
A25420;meta_wolf_ag-aktie;2021;0 €;-
A25420;meta_wolf_ag-aktie;2022;-;-
A0B7AP;raba_automotive-aktie;2015;1.952 HUF;8,80
A0B7AP;raba_automotive-aktie;2016;1.378 HUF;11,20
A0B7AP;raba_automotive-aktie;2017;1.569 HUF;9,70
A0B7AP;raba_automotive-aktie;2018;1.197 HUF;13,80
A0B7AP;raba_automotive-aktie;2019;572 HUF;26,90
A0B7AP;raba_automotive-aktie;2020;-1.030 HUF;-
A0B7AP;raba_automotive-aktie;2021;-;-
549562;geratherm_medical-aktie;2016;2 €;26,12
549562;geratherm_medical-aktie;2017;1 €;86,43
549562;geratherm_medical-aktie;2018;1 €;38,48
549562;geratherm_medical-aktie;2019;1 €;77,27
549562;geratherm_medical-aktie;2020;2 €;26,59
549562;geratherm_medical-aktie;2021;0 €;-
549562;geratherm_medical-aktie;2022;-;-
A1X3WX;erwe_immobilien-aktie;2016;0 €;-
A1X3WX;erwe_immobilien-aktie;2017;0 €;-
A1X3WX;erwe_immobilien-aktie;2018;4 €;-
A1X3WX;erwe_immobilien-aktie;2019;8 €;6,48
A1X3WX;erwe_immobilien-aktie;2020;0 €;207
A1X3WX;erwe_immobilien-aktie;2021;-9 €;-33,11
A1X3WX;erwe_immobilien-aktie;2022;-;-
A1K037;artnet-aktie;2016;1 €;20,54
A1K037;artnet-aktie;2017;1 €;32,02
A1K037;artnet-aktie;2018;1 €;13,50
A1K037;artnet-aktie;2019;0 €;-
A1K037;artnet-aktie;2020;2 €;19,29
A1K037;artnet-aktie;2021;-1 €;-92,73
A1K037;artnet-aktie;2022;-;-
501824;mothercare-aktie;2016;8 GBX;56,05
501824;mothercare-aktie;2017;-76 GBX;-3,85
501824;mothercare-aktie;2018;-97 GBX;-0,42
501824;mothercare-aktie;2019;13 GBX;6,03
501824;mothercare-aktie;2020;-22 GBX;-0,50
501824;mothercare-aktie;2021;12 GBX;8,25
501824;mothercare-aktie;2022;-;-
549227;gieag_immobilien-aktie;2016;-2 €;65
549227;gieag_immobilien-aktie;2017;-1 €;-
549227;gieag_immobilien-aktie;2018;27 €;1,60
549227;gieag_immobilien-aktie;2019;-6 €;-
549227;gieag_immobilien-aktie;2020;16 €;5,30
549227;gieag_immobilien-aktie;2021;30 €;3
549227;gieag_immobilien-aktie;2022;-;-
A2DYYE;valartis_group-aktie;2016;-43 CHF;-0,74
A2DYYE;valartis_group-aktie;2017;-2 CHF;-18,38
A2DYYE;valartis_group-aktie;2018;-7 CHF;-6,09
A2DYYE;valartis_group-aktie;2019;2 CHF;16,19
A2DYYE;valartis_group-aktie;2020;-11 CHF;-3,28
A2DYYE;valartis_group-aktie;2021;6 CHF;9,20
A2DYYE;valartis_group-aktie;2022;-;-
604400;maternus_kliniken-aktie;2016;1 €;21,18
604400;maternus_kliniken-aktie;2017;-1 €;-28,59
604400;maternus_kliniken-aktie;2018;-2 €;-22,75
604400;maternus_kliniken-aktie;2019;-10 €;-4,35
604400;maternus_kliniken-aktie;2020;-10 €;-9,48
604400;maternus_kliniken-aktie;2021;-2 €;-39,67
604400;maternus_kliniken-aktie;2022;-;-
A0MK5R;gem_diamonds-aktie;2016;-159 GBX;-
A0MK5R;gem_diamonds-aktie;2017;5 GBX;-
A0MK5R;gem_diamonds-aktie;2018;26 GBX;-
A0MK5R;gem_diamonds-aktie;2019;3 GBX;-
A0MK5R;gem_diamonds-aktie;2020;14 GBX;-
A0MK5R;gem_diamonds-aktie;2021;15 GBX;-
A0MK5R;gem_diamonds-aktie;2022;30 GBX;-
515600;gigaset-aktie;2016;4 €;20,50
515600;gigaset-aktie;2017;8 €;8,70
515600;gigaset-aktie;2018;3 €;9,83
515600;gigaset-aktie;2019;11 €;3,40
515600;gigaset-aktie;2020;-10 €;-3,75
515600;gigaset-aktie;2021;0 €;-
515600;gigaset-aktie;2022;-;-
620140;peh_wertpapier-aktie;2016;-1 €;-
620140;peh_wertpapier-aktie;2017;4 €;13,60
620140;peh_wertpapier-aktie;2018;0 €;92,50
620140;peh_wertpapier-aktie;2019;1 €;35,10
620140;peh_wertpapier-aktie;2020;2 €;14,10
620140;peh_wertpapier-aktie;2021;6 €;7
620140;peh_wertpapier-aktie;2022;-;-
A2AAA7;seven_principles-aktie;2016;-2 €;-11,31
A2AAA7;seven_principles-aktie;2017;0 €;-
A2AAA7;seven_principles-aktie;2018;0 €;-
A2AAA7;seven_principles-aktie;2019;-3 €;-13,26
A2AAA7;seven_principles-aktie;2020;0 €;-72,73
A2AAA7;seven_principles-aktie;2021;2 €;17,06
A2AAA7;seven_principles-aktie;2022;-;-
A0Z26C;gore_germ_off_r_e_na_on-aktie;2015;-;-
A0Z26C;gore_germ_off_r_e_na_on-aktie;2016;2 €;-
A0Z26C;gore_germ_off_r_e_na_on-aktie;2017;-1 €;-
A0Z26C;gore_germ_off_r_e_na_on-aktie;2018;0 €;-
A0Z26C;gore_germ_off_r_e_na_on-aktie;2019;0 €;-
A0Z26C;gore_germ_off_r_e_na_on-aktie;2020;-1 €;-185
A0Z26C;gore_germ_off_r_e_na_on-aktie;2021;0 €;-302
A0KFUJ;kromi_logistik-aktie;2017;1 €;49,30
A0KFUJ;kromi_logistik-aktie;2018;-2 €;-24,59
A0KFUJ;kromi_logistik-aktie;2019;-1 €;-29,26
A0KFUJ;kromi_logistik-aktie;2020;-3 €;-6,34
A0KFUJ;kromi_logistik-aktie;2021;0 €;114,38
A0KFUJ;kromi_logistik-aktie;2022;1 €;20,96
A0KFUJ;kromi_logistik-aktie;2023;-;-
A0J2XW;cineworld_group-aktie;2016;101 GBX;-
A0J2XW;cineworld_group-aktie;2017;136 GBX;-
A0J2XW;cineworld_group-aktie;2018;284 GBX;-
A0J2XW;cineworld_group-aktie;2019;180 GBX;-
A0J2XW;cineworld_group-aktie;2020;-2.652 GBX;-
A0J2XW;cineworld_group-aktie;2021;-566 GBX;-
A0J2XW;cineworld_group-aktie;2022;-;-
526160;bremer_lagerhaus-aktie;2016;27 €;37,80
526160;bremer_lagerhaus-aktie;2017;30 €;26,90
526160;bremer_lagerhaus-aktie;2018;31 €;17,30
526160;bremer_lagerhaus-aktie;2019;28 €;33,40
526160;bremer_lagerhaus-aktie;2020;-121 €;41,40
526160;bremer_lagerhaus-aktie;2021;48 €;35,30
526160;bremer_lagerhaus-aktie;2022;-;-
A161N1;your_family_entertainment-aktie;2016;-3 €;-
A161N1;your_family_entertainment-aktie;2017;1 €;19,90
A161N1;your_family_entertainment-aktie;2018;-4 €;-
A161N1;your_family_entertainment-aktie;2019;-2 €;-
A161N1;your_family_entertainment-aktie;2020;0 €;-
A161N1;your_family_entertainment-aktie;2021;0 €;-199,89
A161N1;your_family_entertainment-aktie;2022;-;-
A0LGV4;warimpex-aktie;2016;17 €;2,40
A0LGV4;warimpex-aktie;2017;41 €;1,90
A0LGV4;warimpex-aktie;2018;6 €;9,10
A0LGV4;warimpex-aktie;2019;62 €;1,40
A0LGV4;warimpex-aktie;2020;-30 €;-
A0LGV4;warimpex-aktie;2021;12 €;4,70
A0LGV4;warimpex-aktie;2022;-;-
609710;infas_holding-aktie;2016;0 €;120,50
609710;infas_holding-aktie;2017;2 €;12,80
609710;infas_holding-aktie;2018;2 €;13,40
609710;infas_holding-aktie;2019;1 €;22,80
609710;infas_holding-aktie;2020;2 €;18,40
609710;infas_holding-aktie;2021;0 €;-
609710;infas_holding-aktie;2022;-;-
587484;intica_systems-aktie;2016;0 €;59,39
587484;intica_systems-aktie;2017;1 €;47,89
587484;intica_systems-aktie;2018;-1 €;-20,32
587484;intica_systems-aktie;2019;1 €;28,85
587484;intica_systems-aktie;2020;0 €;-285
587484;intica_systems-aktie;2021;2 €;244
587484;intica_systems-aktie;2022;-;-
A25421;intershop_communications-aktie;2016;-3 €;-15,23
A25421;intershop_communications-aktie;2017;-1 €;-104,26
A25421;intershop_communications-aktie;2018;-7 €;-8,23
A25421;intershop_communications-aktie;2019;-7 €;-6,31
A25421;intershop_communications-aktie;2020;1 €;52,33
A25421;intershop_communications-aktie;2021;1 €;133
A25421;intershop_communications-aktie;2022;-;-
A2NB7S;traumhaus_ag-aktie;2015;-;-
A2NB7S;traumhaus_ag-aktie;2016;0 €;-
A2NB7S;traumhaus_ag-aktie;2017;6 €;-
A2NB7S;traumhaus_ag-aktie;2018;4 €;-
A2NB7S;traumhaus_ag-aktie;2019;3 €;-
A2NB7S;traumhaus_ag-aktie;2020;4 €;-
A2NB7S;traumhaus_ag-aktie;2021;7 €;-
893975;wolford-aktie;2016;-18 €;-
893975;wolford-aktie;2017;-12 €;-
893975;wolford-aktie;2018;-11 €;-
893975;wolford-aktie;2019;-27 €;-
893975;wolford-aktie;2020;19 €;-
893975;wolford-aktie;2021;-12 €;-
893975;wolford-aktie;2022;-;-
A0KEXC;vectron_systems_ag-aktie;2016;2 €;-
A0KEXC;vectron_systems_ag-aktie;2017;1 €;-
A0KEXC;vectron_systems_ag-aktie;2018;-4 €;-
A0KEXC;vectron_systems_ag-aktie;2019;-1 €;-
A0KEXC;vectron_systems_ag-aktie;2020;-2 €;-
A0KEXC;vectron_systems_ag-aktie;2021;2 €;-
A0KEXC;vectron_systems_ag-aktie;2022;-;-
575440;ls_telcom-aktie;2017;-5 €;-6,78
575440;ls_telcom-aktie;2018;-2 €;-13,51
575440;ls_telcom-aktie;2019;2 €;22,58
575440;ls_telcom-aktie;2020;-2 €;-12,68
575440;ls_telcom-aktie;2021;0 €;-345
575440;ls_telcom-aktie;2022;2 €;15,31
575440;ls_telcom-aktie;2023;-;-
A1TNNN;a_s_creation_tapeten-aktie;2016;7 €;11,11
A1TNNN;a_s_creation_tapeten-aktie;2017;-18 €;-3,21
A1TNNN;a_s_creation_tapeten-aktie;2018;-6 €;-4,86
A1TNNN;a_s_creation_tapeten-aktie;2019;14 €;3,24
A1TNNN;a_s_creation_tapeten-aktie;2020;1 €;30,19
A1TNNN;a_s_creation_tapeten-aktie;2021;4 €;158,33
A1TNNN;a_s_creation_tapeten-aktie;2022;-;-
A0M7MS;sportech-aktie;2016;13 GBX;16,83
A0M7MS;sportech-aktie;2017;-24 GBX;-8,85
A0M7MS;sportech-aktie;2018;-3 GBX;-40
A0M7MS;sportech-aktie;2019;-14 GBX;-5,12
A0M7MS;sportech-aktie;2020;-13 GBX;-4,36
A0M7MS;sportech-aktie;2021;35 GBX;1,29
A0M7MS;sportech-aktie;2022;-;-
665610;mwb_fairtrade_wertpapierhandelsbank-aktie;2016;3 €;-
665610;mwb_fairtrade_wertpapierhandelsbank-aktie;2017;4 €;-
665610;mwb_fairtrade_wertpapierhandelsbank-aktie;2018;1 €;-
665610;mwb_fairtrade_wertpapierhandelsbank-aktie;2019;2 €;8,50
665610;mwb_fairtrade_wertpapierhandelsbank-aktie;2020;18 €;3,99
665610;mwb_fairtrade_wertpapierhandelsbank-aktie;2021;12 €;7,60
665610;mwb_fairtrade_wertpapierhandelsbank-aktie;2022;-;-
A1TNU6;sts_group-aktie;2016;8 €;-
A1TNU6;sts_group-aktie;2017;47 €;-
A1TNU6;sts_group-aktie;2018;-5 €;-12,63
A1TNU6;sts_group-aktie;2019;-12 €;-2,75
A1TNU6;sts_group-aktie;2020;-16 €;-1,53
A1TNU6;sts_group-aktie;2021;2 €;28,93
A1TNU6;sts_group-aktie;2022;-;-
A254W5;pyramid_ag-aktie;2016;-30 €;-
A254W5;pyramid_ag-aktie;2017;0 €;151,80
A254W5;pyramid_ag-aktie;2018;-5 €;-
A254W5;pyramid_ag-aktie;2019;-2 €;-
A254W5;pyramid_ag-aktie;2020;-1 €;-
A254W5;pyramid_ag-aktie;2021;-2 €;-
A254W5;pyramid_ag-aktie;2022;-;-
540740;ceotronics-aktie;2016;1 €;-
540740;ceotronics-aktie;2017;0 €;-
540740;ceotronics-aktie;2018;0 €;-
540740;ceotronics-aktie;2019;2 €;-
540740;ceotronics-aktie;2020;2 €;-
540740;ceotronics-aktie;2021;3 €;-
540740;ceotronics-aktie;2022;-;-
A3CR8A;loncor_gold-aktie;2016;0 CA$;-
A3CR8A;loncor_gold-aktie;2017;0 CA$;-
A3CR8A;loncor_gold-aktie;2018;-1 CA$;-
A3CR8A;loncor_gold-aktie;2019;-2 CA$;-
A3CR8A;loncor_gold-aktie;2020;-2 CA$;-19,30
A3CR8A;loncor_gold-aktie;2021;-4 CA$;-
A3CR8A;loncor_gold-aktie;2022;-;-
A1C3ME;teixeira_duarte-aktie;2015;34 €;3,90
A1C3ME;teixeira_duarte-aktie;2016;20 €;3,60
A1C3ME;teixeira_duarte-aktie;2017;-5 €;-
A1C3ME;teixeira_duarte-aktie;2018;11 €;4,70
A1C3ME;teixeira_duarte-aktie;2019;14 €;5
A1C3ME;teixeira_duarte-aktie;2020;4 €;9
A1C3ME;teixeira_duarte-aktie;2021;-;-
A1EWVR;igp_advantag-aktie;2016;0 €;-
A1EWVR;igp_advantag-aktie;2017;0 €;-
A1EWVR;igp_advantag-aktie;2018;0 €;-
A1EWVR;igp_advantag-aktie;2019;0 €;-
A1EWVR;igp_advantag-aktie;2020;1 €;-
A1EWVR;igp_advantag-aktie;2021;-2 €;-24,22
A1EWVR;igp_advantag-aktie;2022;-;-
514680;delticom-aktie;2016;5 €;47,08
514680;delticom-aktie;2017;1 €;95,83
514680;delticom-aktie;2018;-1 €;-59,83
514680;delticom-aktie;2019;-40 €;-1,40
514680;delticom-aktie;2020;7 €;11,04
514680;delticom-aktie;2021;7 €;13,91
514680;delticom-aktie;2022;-;-
A25429;heidelberger_beteiligungsholding_konv-aktie;2016;3 €;-
A25429;heidelberger_beteiligungsholding_konv-aktie;2017;1 €;-
A25429;heidelberger_beteiligungsholding_konv-aktie;2018;-1 €;-
A25429;heidelberger_beteiligungsholding_konv-aktie;2019;5 €;-
A25429;heidelberger_beteiligungsholding_konv-aktie;2020;-3 €;-9,41
A25429;heidelberger_beteiligungsholding_konv-aktie;2021;3 €;9,78
A25429;heidelberger_beteiligungsholding_konv-aktie;2022;-;-
A0LA9M;esken-aktie;2016;-9 GBX;-
A0LA9M;esken-aktie;2017;100 GBX;-
A0LA9M;esken-aktie;2018;-58 GBX;-
A0LA9M;esken-aktie;2019;-138 GBX;-
A0LA9M;esken-aktie;2020;-155 GBX;-3,41
A0LA9M;esken-aktie;2021;-27 GBX;-12,97
A0LA9M;esken-aktie;2022;-;-
553340;deutsche_grundstuecksauktionen-aktie;2016;1 €;18,66
553340;deutsche_grundstuecksauktionen-aktie;2017;1 €;21,37
553340;deutsche_grundstuecksauktionen-aktie;2018;2 €;15,70
553340;deutsche_grundstuecksauktionen-aktie;2019;0 €;47,74
553340;deutsche_grundstuecksauktionen-aktie;2020;2 €;12,81
553340;deutsche_grundstuecksauktionen-aktie;2021;2 €;17,57
553340;deutsche_grundstuecksauktionen-aktie;2022;-;-
A3E5C4;4_sc-aktie;2016;-11 €;-
A3E5C4;4_sc-aktie;2017;-11 €;-
A3E5C4;4_sc-aktie;2018;-18 €;-
A3E5C4;4_sc-aktie;2019;-14 €;-
A3E5C4;4_sc-aktie;2020;-19 €;-
A3E5C4;4_sc-aktie;2021;-10 €;-
A3E5C4;4_sc-aktie;2022;-;-
A2AA20;df_deutsche_forfait-aktie;2016;68 €;-
A2AA20;df_deutsche_forfait-aktie;2017;-3 €;-
A2AA20;df_deutsche_forfait-aktie;2018;-2 €;-
A2AA20;df_deutsche_forfait-aktie;2019;3 €;-
A2AA20;df_deutsche_forfait-aktie;2020;7 €;-
A2AA20;df_deutsche_forfait-aktie;2021;7 €;-
A2AA20;df_deutsche_forfait-aktie;2022;-;-
912517;cofina-aktie;2015;5 €;9
912517;cofina-aktie;2016;4 €;6,50
912517;cofina-aktie;2017;5 €;9
912517;cofina-aktie;2018;7 €;9,20
912517;cofina-aktie;2019;7 €;5,90
912517;cofina-aktie;2020;2 €;12
912517;cofina-aktie;2021;-;-
A2QEFA;fashionette_ag-aktie;2016;-1 €;-
A2QEFA;fashionette_ag-aktie;2017;0 €;-
A2QEFA;fashionette_ag-aktie;2018;0 €;-
A2QEFA;fashionette_ag-aktie;2019;1 €;-
A2QEFA;fashionette_ag-aktie;2020;1 €;233,93
A2QEFA;fashionette_ag-aktie;2021;-2 €;-80,74
A2QEFA;fashionette_ag-aktie;2022;-;-
800956;regenbogen-aktie;2015;1 €;15,70
800956;regenbogen-aktie;2016;1 €;16,90
800956;regenbogen-aktie;2017;1 €;14,10
800956;regenbogen-aktie;2018;1 €;20,70
800956;regenbogen-aktie;2019;2 €;9,50
800956;regenbogen-aktie;2020;2 €;7,10
800956;regenbogen-aktie;2021;3 €;11,20
938906;impresa-aktie;2015;4 €;19,60
938906;impresa-aktie;2016;3 €;12,20
938906;impresa-aktie;2017;-22 €;-
938906;impresa-aktie;2018;3 €;7,50
938906;impresa-aktie;2019;8 €;4,50
938906;impresa-aktie;2020;11 €;2,10
938906;impresa-aktie;2021;-;-
A1EMG5;sporttotal-aktie;2016;-6 €;-
A1EMG5;sporttotal-aktie;2017;0 €;381
A1EMG5;sporttotal-aktie;2018;-7 €;-
A1EMG5;sporttotal-aktie;2019;-17 €;-
A1EMG5;sporttotal-aktie;2020;-13 €;-
A1EMG5;sporttotal-aktie;2021;-10 €;-
A1EMG5;sporttotal-aktie;2022;-;-
A2GSVV;the_grounds_real_estate_development-aktie;2016;0 €;-
A2GSVV;the_grounds_real_estate_development-aktie;2017;1 €;415,23
A2GSVV;the_grounds_real_estate_development-aktie;2018;4 €;141,30
A2GSVV;the_grounds_real_estate_development-aktie;2019;0 €;-
A2GSVV;the_grounds_real_estate_development-aktie;2020;4 €;218,75
A2GSVV;the_grounds_real_estate_development-aktie;2021;5 €;7,86
A2GSVV;the_grounds_real_estate_development-aktie;2022;-;-
511880;11_88_0_solutions-aktie;2016;-15 €;-1,21
511880;11_88_0_solutions-aktie;2017;-10 €;-2,42
511880;11_88_0_solutions-aktie;2018;-3 €;-8,11
511880;11_88_0_solutions-aktie;2019;-3 €;-12,45
511880;11_88_0_solutions-aktie;2020;-2 €;-16,78
511880;11_88_0_solutions-aktie;2021;1 €;52,67
511880;11_88_0_solutions-aktie;2022;-;-
A2LQUA;creditshelf-aktie;2016;-1 €;-
A2LQUA;creditshelf-aktie;2017;-1 €;-
A2LQUA;creditshelf-aktie;2018;-6 €;-14,04
A2LQUA;creditshelf-aktie;2019;-5 €;-14,01
A2LQUA;creditshelf-aktie;2020;-5 €;-10,23
A2LQUA;creditshelf-aktie;2021;-2 €;-1.790
A2LQUA;creditshelf-aktie;2022;-;-
A1RFMY;rcm_beteiligungs-aktie;2016;1 €;-
A1RFMY;rcm_beteiligungs-aktie;2017;1 €;-
A1RFMY;rcm_beteiligungs-aktie;2018;2 €;-
A1RFMY;rcm_beteiligungs-aktie;2019;3 €;-
A1RFMY;rcm_beteiligungs-aktie;2020;3 €;8,08
A1RFMY;rcm_beteiligungs-aktie;2021;2 €;11,26
A1RFMY;rcm_beteiligungs-aktie;2022;-;-
A1RFMZ;sm_wirtschaftsberatungs-aktie;2016;1 €;-
A1RFMZ;sm_wirtschaftsberatungs-aktie;2017;0 €;5,71
A1RFMZ;sm_wirtschaftsberatungs-aktie;2018;2 €;4,81
A1RFMZ;sm_wirtschaftsberatungs-aktie;2019;2 €;15
A1RFMZ;sm_wirtschaftsberatungs-aktie;2020;1 €;17,57
A1RFMZ;sm_wirtschaftsberatungs-aktie;2021;1 €;18,57
A1RFMZ;sm_wirtschaftsberatungs-aktie;2022;-;-
A2E4LE;voltabox-aktie;2016;0 €;-
A2E4LE;voltabox-aktie;2017;10 €;-
A2E4LE;voltabox-aktie;2018;3 €;76,60
A2E4LE;voltabox-aktie;2019;-102 €;-
A2E4LE;voltabox-aktie;2020;-37 €;-
A2E4LE;voltabox-aktie;2021;-13 €;-
A2E4LE;voltabox-aktie;2022;-;-
164456;erlebnis_akademie-aktie;2016;1 €;16,20
164456;erlebnis_akademie-aktie;2017;2 €;12,80
164456;erlebnis_akademie-aktie;2018;1 €;23,90
164456;erlebnis_akademie-aktie;2019;2 €;15,80
164456;erlebnis_akademie-aktie;2020;1 €;34,50
164456;erlebnis_akademie-aktie;2021;2 €;23,70
164456;erlebnis_akademie-aktie;2022;-;-
555869;paragon-aktie;2016;4 €;52,56
555869;paragon-aktie;2017;-1 €;-524,53
555869;paragon-aktie;2018;2 €;33,62
555869;paragon-aktie;2019;-83 €;-0,79
555869;paragon-aktie;2020;-28 €;-1,59
555869;paragon-aktie;2021;-11 €;-51,29
555869;paragon-aktie;2022;-;-
785747;klassik_radio-aktie;2016;2 €;-
785747;klassik_radio-aktie;2017;1 €;-
785747;klassik_radio-aktie;2018;2 €;-
785747;klassik_radio-aktie;2019;2 €;20,16
785747;klassik_radio-aktie;2020;0 €;287,50
785747;klassik_radio-aktie;2021;1 €;19,82
785747;klassik_radio-aktie;2022;-;-
A2E4SV;cyan-aktie;2016;1 €;-
A2E4SV;cyan-aktie;2017;0 €;-
A2E4SV;cyan-aktie;2018;0 €;-2.598
A2E4SV;cyan-aktie;2019;5 €;45
A2E4SV;cyan-aktie;2020;-9 €;-13,47
A2E4SV;cyan-aktie;2021;-14 €;-2,53
A2E4SV;cyan-aktie;2022;-;-
A0Z25L;deutsche_biotech_innovativ-aktie;2014;0 €;-
A0Z25L;deutsche_biotech_innovativ-aktie;2015;-1 €;-
A0Z25L;deutsche_biotech_innovativ-aktie;2016;0 €;-
A0Z25L;deutsche_biotech_innovativ-aktie;2017;0 €;-
A0Z25L;deutsche_biotech_innovativ-aktie;2018;0 €;-
A0Z25L;deutsche_biotech_innovativ-aktie;2019;0 €;-
A0Z25L;deutsche_biotech_innovativ-aktie;2020;-;-
A2JE3W;asmallworld-aktie;2016;-1 CHF;-
A2JE3W;asmallworld-aktie;2017;-3 CHF;-
A2JE3W;asmallworld-aktie;2018;-3 CHF;-14,11
A2JE3W;asmallworld-aktie;2019;1 CHF;24,55
A2JE3W;asmallworld-aktie;2020;1 CHF;58
A2JE3W;asmallworld-aktie;2021;2 CHF;23,54
A2JE3W;asmallworld-aktie;2022;-;-
548956;united_labels-aktie;2016;-2 €;-11,24
548956;united_labels-aktie;2017;0 €;40
548956;united_labels-aktie;2018;1 €;28,25
548956;united_labels-aktie;2019;-5 €;-2,09
548956;united_labels-aktie;2020;1 €;9,64
548956;united_labels-aktie;2021;0 €;-244
548956;united_labels-aktie;2022;-;-
A0LA30;tick_trading_software-aktie;2016;-;-
A0LA30;tick_trading_software-aktie;2017;-;-
A0LA30;tick_trading_software-aktie;2018;-;-
A0LA30;tick_trading_software-aktie;2019;-;-
A0LA30;tick_trading_software-aktie;2020;-;-
A0LA30;tick_trading_software-aktie;2021;6 €;8,30
A0LA30;tick_trading_software-aktie;2022;-;-
A289B0;teles_informationstechnologien-aktie;2016;3 €;1,20
A289B0;teles_informationstechnologien-aktie;2017;1 €;11
A289B0;teles_informationstechnologien-aktie;2018;-3 €;-
A289B0;teles_informationstechnologien-aktie;2019;4 €;0,70
A289B0;teles_informationstechnologien-aktie;2020;1 €;6,70
A289B0;teles_informationstechnologien-aktie;2021;0 €;-
A289B0;teles_informationstechnologien-aktie;2022;-;-
A1681X;singulus_technologies-aktie;2016;19 €;2,02
A1681X;singulus_technologies-aktie;2017;-3 €;-41,36
A1681X;singulus_technologies-aktie;2018;1 €;101,67
A1681X;singulus_technologies-aktie;2019;-11 €;-4,09
A1681X;singulus_technologies-aktie;2020;-;-
A1681X;singulus_technologies-aktie;2021;-;-
A1681X;singulus_technologies-aktie;2022;-;-
A141J3;corestate_capital_holding-aktie;2015;-;-
A141J3;corestate_capital_holding-aktie;2016;-;15,80
A141J3;corestate_capital_holding-aktie;2017;56 €;16,50
A141J3;corestate_capital_holding-aktie;2018;105 €;6,20
A141J3;corestate_capital_holding-aktie;2019;109 €;7,30
A141J3;corestate_capital_holding-aktie;2020;-69 €;-
A141J3;corestate_capital_holding-aktie;2021;-;-
A12UK0;mountain_alliance_ag-aktie;2016;0 €;304,64
A12UK0;mountain_alliance_ag-aktie;2017;0 €;175,28
A12UK0;mountain_alliance_ag-aktie;2018;-2 €;-25,66
A12UK0;mountain_alliance_ag-aktie;2019;-2 €;-20,36
A12UK0;mountain_alliance_ag-aktie;2020;3 €;11,20
A12UK0;mountain_alliance_ag-aktie;2021;4 €;8,55
A12UK0;mountain_alliance_ag-aktie;2022;-;-
585969;invision-aktie;2016;2 €;35
585969;invision-aktie;2017;1 €;61,22
585969;invision-aktie;2018;0 €;-192,22
585969;invision-aktie;2019;3 €;15,45
585969;invision-aktie;2020;0 €;158,46
585969;invision-aktie;2021;-2 €;-2.480
585969;invision-aktie;2022;-;-
A11QLU;unidevice-aktie;2016;0 €;-
A11QLU;unidevice-aktie;2017;1 €;-
A11QLU;unidevice-aktie;2018;1 €;-
A11QLU;unidevice-aktie;2019;2 €;-
A11QLU;unidevice-aktie;2020;4 €;10,61
A11QLU;unidevice-aktie;2021;2 €;11,60
A11QLU;unidevice-aktie;2022;-;-
A12UK5;uca-aktie;2015;0 €;45,40
A12UK5;uca-aktie;2016;0 €;27
A12UK5;uca-aktie;2017;1 €;17,10
A12UK5;uca-aktie;2018;-2 €;-
A12UK5;uca-aktie;2019;1 €;17,10
A12UK5;uca-aktie;2020;3 €;4,40
A12UK5;uca-aktie;2021;3 €;6,40
521450;adcapital-aktie;2015;1 €;127,30
521450;adcapital-aktie;2016;-3 €;-
521450;adcapital-aktie;2017;1 €;52,60
521450;adcapital-aktie;2018;-1 €;-
521450;adcapital-aktie;2019;-3 €;-
521450;adcapital-aktie;2020;-3 €;-
521450;adcapital-aktie;2021;2 €;14,10
512080;rubean-aktie;2015;-;-
512080;rubean-aktie;2016;-;-
512080;rubean-aktie;2017;-;-
512080;rubean-aktie;2018;0 €;-
512080;rubean-aktie;2019;-1 €;-
512080;rubean-aktie;2020;-1 €;-
512080;rubean-aktie;2021;-;-
A12UPJ;pantaflix-aktie;2016;-2 €;-62,88
A12UPJ;pantaflix-aktie;2017;0 €;-859,55
A12UPJ;pantaflix-aktie;2018;-9 €;-2,38
A12UPJ;pantaflix-aktie;2019;-8 €;-3,32
A12UPJ;pantaflix-aktie;2020;-7 €;-2,54
A12UPJ;pantaflix-aktie;2021;-2 €;-12,45
A12UPJ;pantaflix-aktie;2022;-;-
BGAG98;bio_gate-aktie;2016;0 €;-
BGAG98;bio_gate-aktie;2017;0 €;-
BGAG98;bio_gate-aktie;2018;-1 €;-
BGAG98;bio_gate-aktie;2019;-1 €;-
BGAG98;bio_gate-aktie;2020;-1 €;-
BGAG98;bio_gate-aktie;2021;-1 €;-
BGAG98;bio_gate-aktie;2022;-;-
A2G833;niiio_finanz_gruppe-aktie;2016;-3 €;-
A2G833;niiio_finanz_gruppe-aktie;2017;-1 €;-
A2G833;niiio_finanz_gruppe-aktie;2018;-1 €;-17,70
A2G833;niiio_finanz_gruppe-aktie;2019;-4 €;-2,66
A2G833;niiio_finanz_gruppe-aktie;2020;-2 €;-9,70
A2G833;niiio_finanz_gruppe-aktie;2021;-3 €;-11,39
A2G833;niiio_finanz_gruppe-aktie;2022;-;-
804100;deutsche_effecten_und_wechsel_beteiligungsgesellschaft-aktie;2016;-17 €;-0,69
804100;deutsche_effecten_und_wechsel_beteiligungsgesellschaft-aktie;2017;0 €;106
804100;deutsche_effecten_und_wechsel_beteiligungsgesellschaft-aktie;2018;-2 €;-14,78
804100;deutsche_effecten_und_wechsel_beteiligungsgesellschaft-aktie;2019;0 €;58
804100;deutsche_effecten_und_wechsel_beteiligungsgesellschaft-aktie;2020;2 €;8,73
804100;deutsche_effecten_und_wechsel_beteiligungsgesellschaft-aktie;2021;8 €;4,76
804100;deutsche_effecten_und_wechsel_beteiligungsgesellschaft-aktie;2022;-;-
515623;schweizer_electronic-aktie;2016;1 €;113,13
515623;schweizer_electronic-aktie;2017;3 €;23,47
515623;schweizer_electronic-aktie;2018;1 €;89,29
515623;schweizer_electronic-aktie;2019;-6 €;-11,42
515623;schweizer_electronic-aktie;2020;-18 €;-2,42
515623;schweizer_electronic-aktie;2021;-26 €;-15,03
515623;schweizer_electronic-aktie;2022;-;-
A2PBHR;wolftank_adisa_holding-aktie;2016;-;-
A2PBHR;wolftank_adisa_holding-aktie;2017;0 €;-
A2PBHR;wolftank_adisa_holding-aktie;2018;1 €;-
A2PBHR;wolftank_adisa_holding-aktie;2019;0 €;-
A2PBHR;wolftank_adisa_holding-aktie;2020;-2 €;-
A2PBHR;wolftank_adisa_holding-aktie;2021;-3 €;-
A2PBHR;wolftank_adisa_holding-aktie;2022;-;-
A11Q05;elumeo-aktie;2016;-16 €;-
A11Q05;elumeo-aktie;2017;-6 €;-
A11Q05;elumeo-aktie;2018;-27 €;-
A11Q05;elumeo-aktie;2019;-3 €;-
A11Q05;elumeo-aktie;2020;0 €;141,33
A11Q05;elumeo-aktie;2021;9 €;54,58
A11Q05;elumeo-aktie;2022;-;-
A0S9R3;otrs-aktie;2016;0 €;72,30
A0S9R3;otrs-aktie;2017;0 €;136,60
A0S9R3;otrs-aktie;2018;1 €;50,50
A0S9R3;otrs-aktie;2019;1 €;19,20
A0S9R3;otrs-aktie;2020;1 €;13,30
A0S9R3;otrs-aktie;2021;1 €;24,70
A0S9R3;otrs-aktie;2022;-;-
A2P2HK;technicolor-aktie;2015;82 €;32,90
A2P2HK;technicolor-aktie;2016;-26 €;-
A2P2HK;technicolor-aktie;2017;-172 €;-
A2P2HK;technicolor-aktie;2018;-68 €;-
A2P2HK;technicolor-aktie;2019;-230 €;-
A2P2HK;technicolor-aktie;2020;-207 €;-
A2P2HK;technicolor-aktie;2021;-;-
A0LBKW;uet_united_electronic_technology-aktie;2016;3 €;-
A0LBKW;uet_united_electronic_technology-aktie;2017;-2 €;-4,55
A0LBKW;uet_united_electronic_technology-aktie;2018;4 €;-
A0LBKW;uet_united_electronic_technology-aktie;2019;3 €;5,35
A0LBKW;uet_united_electronic_technology-aktie;2020;-3 €;-4,30
A0LBKW;uet_united_electronic_technology-aktie;2021;0 €;-
A0LBKW;uet_united_electronic_technology-aktie;2022;-;-
600450;hyrican_informationssysteme-aktie;2015;0 €;-
600450;hyrican_informationssysteme-aktie;2016;0 €;93,30
600450;hyrican_informationssysteme-aktie;2017;-4 €;-
600450;hyrican_informationssysteme-aktie;2018;0 €;74,90
600450;hyrican_informationssysteme-aktie;2019;1 €;13,30
600450;hyrican_informationssysteme-aktie;2020;2 €;10,20
600450;hyrican_informationssysteme-aktie;2021;2 €;10,50
A2QDNX;compleo_charging_solutions-aktie;2016;-;-
A2QDNX;compleo_charging_solutions-aktie;2017;0 €;-
A2QDNX;compleo_charging_solutions-aktie;2018;-1 €;-
A2QDNX;compleo_charging_solutions-aktie;2019;-3 €;-
A2QDNX;compleo_charging_solutions-aktie;2020;-4 €;-91,29
A2QDNX;compleo_charging_solutions-aktie;2021;-22 €;-292
A2QDNX;compleo_charging_solutions-aktie;2022;-;-
A3E5ED;veganz_group-aktie;2016;-;-
A3E5ED;veganz_group-aktie;2017;-;-
A3E5ED;veganz_group-aktie;2018;-;-
A3E5ED;veganz_group-aktie;2019;-;-
A3E5ED;veganz_group-aktie;2020;-5 €;-
A3E5ED;veganz_group-aktie;2021;-13 €;-
A3E5ED;veganz_group-aktie;2022;-;-
A12UP3;norcom_information_technology-aktie;2016;2 €;19,85
A12UP3;norcom_information_technology-aktie;2017;2 €;42,93
A12UP3;norcom_information_technology-aktie;2018;1 €;71,29
A12UP3;norcom_information_technology-aktie;2019;0 €;-98,11
A12UP3;norcom_information_technology-aktie;2020;0 €;97,75
A12UP3;norcom_information_technology-aktie;2021;-1 €;-21,85
A12UP3;norcom_information_technology-aktie;2022;-;-
A2QNAR;dr_martens_plc_ls_01-aktie;2016;-11 GBX;-
A2QNAR;dr_martens_plc_ls_01-aktie;2017;-6 GBX;-
A2QNAR;dr_martens_plc_ls_01-aktie;2018;17 GBX;-
A2QNAR;dr_martens_plc_ls_01-aktie;2019;75 GBX;-
A2QNAR;dr_martens_plc_ls_01-aktie;2020;36 GBX;-
A2QNAR;dr_martens_plc_ls_01-aktie;2021;181 GBX;29,97
A2QNAR;dr_martens_plc_ls_01-aktie;2022;-;-
727950;splendid_medien-aktie;2016;-4 €;-
727950;splendid_medien-aktie;2017;-4 €;-
727950;splendid_medien-aktie;2018;1 €;-
727950;splendid_medien-aktie;2019;-16 €;-0,54
727950;splendid_medien-aktie;2020;0 €;-34,25
727950;splendid_medien-aktie;2021;2 €;5,04
727950;splendid_medien-aktie;2022;-;-
A1C5VC;appeninn_vagyonkezelo-aktie;2014;-3 €;-
A1C5VC;appeninn_vagyonkezelo-aktie;2015;1 €;14,90
A1C5VC;appeninn_vagyonkezelo-aktie;2016;3 €;7,80
A1C5VC;appeninn_vagyonkezelo-aktie;2017;3 €;44,40
A1C5VC;appeninn_vagyonkezelo-aktie;2018;16 €;2,80
A1C5VC;appeninn_vagyonkezelo-aktie;2019;12 €;3,30
A1C5VC;appeninn_vagyonkezelo-aktie;2020;-;-
A0AFGF;pearl_gold-aktie;2009;0 €;-
A0AFGF;pearl_gold-aktie;2010;-1 €;-
A0AFGF;pearl_gold-aktie;2011;-1 €;-
A0AFGF;pearl_gold-aktie;2012;-3 €;-
A0AFGF;pearl_gold-aktie;2013;-186 €;-
A0AFGF;pearl_gold-aktie;2014;-;-
A0AFGF;pearl_gold-aktie;2015;-;-
813135;medondo_hldg_ag_inh_o_n-aktie;2015;-1 €;-
813135;medondo_hldg_ag_inh_o_n-aktie;2016;-1 €;-
813135;medondo_hldg_ag_inh_o_n-aktie;2017;-1 €;-
813135;medondo_hldg_ag_inh_o_n-aktie;2018;-1 €;-
813135;medondo_hldg_ag_inh_o_n-aktie;2019;-1 €;-
813135;medondo_hldg_ag_inh_o_n-aktie;2020;-1 €;-
813135;medondo_hldg_ag_inh_o_n-aktie;2021;-4 €;-
A0KFRJ;cytotools-aktie;2016;-1 €;-18,34
A0KFRJ;cytotools-aktie;2017;-1 €;-29,28
A0KFRJ;cytotools-aktie;2018;-1 €;-17,90
A0KFRJ;cytotools-aktie;2019;-1 €;-28,34
A0KFRJ;cytotools-aktie;2020;-2 €;-35,76
A0KFRJ;cytotools-aktie;2021;-4 €;-4,76
A0KFRJ;cytotools-aktie;2022;-;-
A0HGQS;plan_optik-aktie;2016;0 €;27,50
A0HGQS;plan_optik-aktie;2017;0 €;44,50
A0HGQS;plan_optik-aktie;2018;0 €;26
A0HGQS;plan_optik-aktie;2019;1 €;12,83
A0HGQS;plan_optik-aktie;2020;0 €;-23,60
A0HGQS;plan_optik-aktie;2021;1 €;16
A0HGQS;plan_optik-aktie;2022;-;-
750450;turbon-aktie;2016;4 €;12,10
750450;turbon-aktie;2017;-4 €;-
750450;turbon-aktie;2018;-7 €;-
750450;turbon-aktie;2019;-12 €;-
750450;turbon-aktie;2020;-2 €;-
750450;turbon-aktie;2021;1 €;12,40
750450;turbon-aktie;2022;-;-
A0Z2Y4;verianos_real_estate-aktie;2016;2 €;-
A0Z2Y4;verianos_real_estate-aktie;2017;2 €;-
A0Z2Y4;verianos_real_estate-aktie;2018;2 €;-
A0Z2Y4;verianos_real_estate-aktie;2019;-1 €;-20,43
A0Z2Y4;verianos_real_estate-aktie;2020;-7 €;-2,30
A0Z2Y4;verianos_real_estate-aktie;2021;-3 €;-4,37
A0Z2Y4;verianos_real_estate-aktie;2022;-;-
577580;foris-aktie;2016;1 €;-
577580;foris-aktie;2017;1 €;-
577580;foris-aktie;2018;-3 €;-
577580;foris-aktie;2019;1 €;14
577580;foris-aktie;2020;-1 €;-9,33
577580;foris-aktie;2021;-2 €;-7
577580;foris-aktie;2022;-;-
A2YN70;umt_united_mobility_technology-aktie;2016;0 €;123
A2YN70;umt_united_mobility_technology-aktie;2017;0 €;118
A2YN70;umt_united_mobility_technology-aktie;2018;0 €;83,33
A2YN70;umt_united_mobility_technology-aktie;2019;1 €;6,84
A2YN70;umt_united_mobility_technology-aktie;2020;4 €;4,88
A2YN70;umt_united_mobility_technology-aktie;2021;5 €;10
A2YN70;umt_united_mobility_technology-aktie;2022;-;-
A2P4HL;123fahrschule-aktie;2016;-;-
A2P4HL;123fahrschule-aktie;2017;-;-
A2P4HL;123fahrschule-aktie;2018;-;-
A2P4HL;123fahrschule-aktie;2019;-;-
A2P4HL;123fahrschule-aktie;2020;-1 €;-
A2P4HL;123fahrschule-aktie;2021;-;-
A2P4HL;123fahrschule-aktie;2022;-;-
A2QBGM;voxeljet_adr-aktie;2016;-11 $;-4,48
A2QBGM;voxeljet_adr-aktie;2017;-9 $;-8,74
A2QBGM;voxeljet_adr-aktie;2018;-9 $;-4,74
A2QBGM;voxeljet_adr-aktie;2019;-14 $;-3,37
A2QBGM;voxeljet_adr-aktie;2020;-15 $;-2,49
A2QBGM;voxeljet_adr-aktie;2021;-11 $;-3,37
A2QBGM;voxeljet_adr-aktie;2022;-;-
A2AKN7;nyrstar-aktie;2015;-432 €;-
A2AKN7;nyrstar-aktie;2016;-414 €;-
A2AKN7;nyrstar-aktie;2017;47 €;67,10
A2AKN7;nyrstar-aktie;2018;-618 €;-
A2AKN7;nyrstar-aktie;2019;-;-
A2AKN7;nyrstar-aktie;2020;-;-
A2AKN7;nyrstar-aktie;2021;-;-
589730;greiffenberger-aktie;2016;-1 €;-
589730;greiffenberger-aktie;2017;1 €;7,30
589730;greiffenberger-aktie;2018;1 €;6,10
589730;greiffenberger-aktie;2019;1 €;9,40
589730;greiffenberger-aktie;2020;12 €;0,30
589730;greiffenberger-aktie;2021;7 €;1,70
589730;greiffenberger-aktie;2022;-;-
A0B9VV;coreo-aktie;2016;-7 €;-1,54
A0B9VV;coreo-aktie;2017;3 €;10,06
A0B9VV;coreo-aktie;2018;2 €;18
A0B9VV;coreo-aktie;2019;-1 €;-30
A0B9VV;coreo-aktie;2020;-2 €;-12,14
A0B9VV;coreo-aktie;2021;-1 €;-23,20
A0B9VV;coreo-aktie;2022;-;-
783078;ifa_systems-aktie;2016;-2 €;-
783078;ifa_systems-aktie;2017;-9 €;-
783078;ifa_systems-aktie;2018;1 €;-
783078;ifa_systems-aktie;2019;1 €;-
783078;ifa_systems-aktie;2020;0 €;-
783078;ifa_systems-aktie;2021;-;-
783078;ifa_systems-aktie;2022;-;-
A0M93V;advanced_blockchain-aktie;2016;0 €;-
A0M93V;advanced_blockchain-aktie;2017;0 €;-
A0M93V;advanced_blockchain-aktie;2018;-1 €;-
A0M93V;advanced_blockchain-aktie;2019;0 €;-45,40
A0M93V;advanced_blockchain-aktie;2020;0 €;-465
A0M93V;advanced_blockchain-aktie;2021;4 €;12,09
A0M93V;advanced_blockchain-aktie;2022;-;-
A0JC0V;secanda_ag-aktie;2016;0 €;32,10
A0JC0V;secanda_ag-aktie;2017;0 €;-
A0JC0V;secanda_ag-aktie;2018;0 €;75,60
A0JC0V;secanda_ag-aktie;2019;0 €;27,10
A0JC0V;secanda_ag-aktie;2020;1 €;12,80
A0JC0V;secanda_ag-aktie;2021;0 €;61,90
A0JC0V;secanda_ag-aktie;2022;-;-
500974;ahlers_namensaktien-aktie;2016;2 €;46,70
500974;ahlers_namensaktien-aktie;2017;2 €;53,60
500974;ahlers_namensaktien-aktie;2018;-7 €;-
500974;ahlers_namensaktien-aktie;2019;-4 €;-
500974;ahlers_namensaktien-aktie;2020;-19 €;-
500974;ahlers_namensaktien-aktie;2021;-9 €;-
500974;ahlers_namensaktien-aktie;2022;-;-
A3MQR9;gbs_software-aktie;2015;-4 €;-
A3MQR9;gbs_software-aktie;2016;3 €;1
A3MQR9;gbs_software-aktie;2017;-1 €;-
A3MQR9;gbs_software-aktie;2018;-1 €;-
A3MQR9;gbs_software-aktie;2019;-1 €;-
A3MQR9;gbs_software-aktie;2020;0 €;-
A3MQR9;gbs_software-aktie;2021;-1 €;-
A3C9XF;biorestorat_therap-aktie;2016;-9 $;-
A3C9XF;biorestorat_therap-aktie;2017;-9 $;-
A3C9XF;biorestorat_therap-aktie;2018;-13 $;-
A3C9XF;biorestorat_therap-aktie;2019;-15 $;-
A3C9XF;biorestorat_therap-aktie;2020;-15 $;-
A3C9XF;biorestorat_therap-aktie;2021;-44 $;-0,08
A3C9XF;biorestorat_therap-aktie;2022;-;-
A2TR91;spvgg_unterhaching_fussball-aktie;2017;-;-
A2TR91;spvgg_unterhaching_fussball-aktie;2018;-;-
A2TR91;spvgg_unterhaching_fussball-aktie;2019;-5 €;-
A2TR91;spvgg_unterhaching_fussball-aktie;2020;-7 €;-
A2TR91;spvgg_unterhaching_fussball-aktie;2021;-4 €;-5,30
A2TR91;spvgg_unterhaching_fussball-aktie;2022;1 €;18,28
A2TR91;spvgg_unterhaching_fussball-aktie;2023;-;-
126215;b_s_banksysteme-aktie;2017;2 €;20,55
126215;b_s_banksysteme-aktie;2018;1 €;28,79
126215;b_s_banksysteme-aktie;2019;0 €;-44,40
126215;b_s_banksysteme-aktie;2020;0 €;-37
126215;b_s_banksysteme-aktie;2021;0 €;126,67
126215;b_s_banksysteme-aktie;2022;0 €;-
126215;b_s_banksysteme-aktie;2023;-;-
872295;carclo-aktie;2016;8 GBX;-
872295;carclo-aktie;2017;8 GBX;-
872295;carclo-aktie;2018;-19 GBX;-
872295;carclo-aktie;2019;-11 GBX;-
872295;carclo-aktie;2020;7 GBX;-
872295;carclo-aktie;2021;6 GBX;-
872295;carclo-aktie;2022;-;-
A1EMHE;tonkens_agrar-aktie;2017;-1 €;-14,23
A1EMHE;tonkens_agrar-aktie;2018;1 €;15,94
A1EMHE;tonkens_agrar-aktie;2019;0 €;-37,54
A1EMHE;tonkens_agrar-aktie;2020;-1 €;-6,31
A1EMHE;tonkens_agrar-aktie;2021;-1 €;-14,21
A1EMHE;tonkens_agrar-aktie;2022;3 €;4,71
A1EMHE;tonkens_agrar-aktie;2023;-;-
A161Z4;plenum-aktie;2015;-2 €;-
A161Z4;plenum-aktie;2016;0 €;-
A161Z4;plenum-aktie;2017;0 €;11,20
A161Z4;plenum-aktie;2018;0 €;77
A161Z4;plenum-aktie;2019;1 €;17,20
A161Z4;plenum-aktie;2020;1 €;11,70
A161Z4;plenum-aktie;2021;-;-
A1XFA0;gulf_marine_svcs-aktie;2016;30 GBX;6,80
A1XFA0;gulf_marine_svcs-aktie;2017;-19 GBX;-4,93
A1XFA0;gulf_marine_svcs-aktie;2018;-6 GBX;-4,33
A1XFA0;gulf_marine_svcs-aktie;2019;-86 GBX;-0,27
A1XFA0;gulf_marine_svcs-aktie;2020;-124 GBX;-0,13
A1XFA0;gulf_marine_svcs-aktie;2021;31 GBX;1,57
A1XFA0;gulf_marine_svcs-aktie;2022;-;-
RYSE88;roy_asset_holding-aktie;2016;-25 €;-0,57
RYSE88;roy_asset_holding-aktie;2017;-15 €;-1,10
RYSE88;roy_asset_holding-aktie;2018;-15 €;-0,87
RYSE88;roy_asset_holding-aktie;2019;-11 €;-1,57
RYSE88;roy_asset_holding-aktie;2020;-22 €;-0,63
RYSE88;roy_asset_holding-aktie;2021;-;-
RYSE88;roy_asset_holding-aktie;2022;-;-
A1RFHN;value_management_research-aktie;2015;-1 €;-
A1RFHN;value_management_research-aktie;2016;-1 €;-
A1RFHN;value_management_research-aktie;2017;0 €;-
A1RFHN;value_management_research-aktie;2018;-1 €;-
A1RFHN;value_management_research-aktie;2019;-1 €;-
A1RFHN;value_management_research-aktie;2020;0 €;-
A1RFHN;value_management_research-aktie;2021;-;-
A12UMB;performance_one_ag_na_o_n-aktie;2016;-;-
A12UMB;performance_one_ag_na_o_n-aktie;2017;-;-
A12UMB;performance_one_ag_na_o_n-aktie;2018;-;-
A12UMB;performance_one_ag_na_o_n-aktie;2019;-;-
A12UMB;performance_one_ag_na_o_n-aktie;2020;0 €;-
A12UMB;performance_one_ag_na_o_n-aktie;2021;-;-
A12UMB;performance_one_ag_na_o_n-aktie;2022;-;-
A2QE76;teco_2030-aktie;2015;-;-
A2QE76;teco_2030-aktie;2016;-;-
A2QE76;teco_2030-aktie;2017;-;-
A2QE76;teco_2030-aktie;2018;-;-
A2QE76;teco_2030-aktie;2019;-;-
A2QE76;teco_2030-aktie;2020;-27 NOK;-
A2QE76;teco_2030-aktie;2021;-;-
A3CSCE;powertap_hydrogen_capital-aktie;2015;-;-
A3CSCE;powertap_hydrogen_capital-aktie;2016;-;-
A3CSCE;powertap_hydrogen_capital-aktie;2017;-;-
A3CSCE;powertap_hydrogen_capital-aktie;2018;-;-
A3CSCE;powertap_hydrogen_capital-aktie;2019;10 CA$;-
A3CSCE;powertap_hydrogen_capital-aktie;2020;-82 CA$;-
A3CSCE;powertap_hydrogen_capital-aktie;2021;-;-
A2BPK3;net_digital_ag-aktie;2016;0 €;-
A2BPK3;net_digital_ag-aktie;2017;0 €;-
A2BPK3;net_digital_ag-aktie;2018;0 €;-
A2BPK3;net_digital_ag-aktie;2019;0 €;-
A2BPK3;net_digital_ag-aktie;2020;0 €;-
A2BPK3;net_digital_ag-aktie;2021;0 €;-
A2BPK3;net_digital_ag-aktie;2022;-;-
A1JBEM;distribuidora_internacional_de_alimentacion-aktie;2016;259 €;-
A1JBEM;distribuidora_internacional_de_alimentacion-aktie;2017;165 €;-
A1JBEM;distribuidora_internacional_de_alimentacion-aktie;2018;-353 €;-
A1JBEM;distribuidora_internacional_de_alimentacion-aktie;2019;-790 €;-
A1JBEM;distribuidora_internacional_de_alimentacion-aktie;2020;-364 €;-
A1JBEM;distribuidora_internacional_de_alimentacion-aktie;2021;-257 €;-
A1JBEM;distribuidora_internacional_de_alimentacion-aktie;2022;-;-
A3H210;aap_implantate-aktie;2016;15 €;2,90
A3H210;aap_implantate-aktie;2017;-9 €;-
A3H210;aap_implantate-aktie;2018;-8 €;-
A3H210;aap_implantate-aktie;2019;-20 €;-
A3H210;aap_implantate-aktie;2020;-9 €;-
A3H210;aap_implantate-aktie;2021;-3 €;-
A3H210;aap_implantate-aktie;2022;-;-
A1CUJD;navstone-aktie;2015;0 €;16,70
A1CUJD;navstone-aktie;2016;1 €;9
A1CUJD;navstone-aktie;2017;0 €;-
A1CUJD;navstone-aktie;2018;2 €;5,20
A1CUJD;navstone-aktie;2019;4 €;2,60
A1CUJD;navstone-aktie;2020;3 €;2,90
A1CUJD;navstone-aktie;2021;-;-
A2TSM8;valens_holding-aktie;2015;0 €;-
A2TSM8;valens_holding-aktie;2016;0 €;-
A2TSM8;valens_holding-aktie;2017;0 €;-
A2TSM8;valens_holding-aktie;2018;0 €;-
A2TSM8;valens_holding-aktie;2019;0 €;-
A2TSM8;valens_holding-aktie;2020;-;-
A2TSM8;valens_holding-aktie;2021;-;-
721670;schumag-aktie;2015;2 €;6,80
721670;schumag-aktie;2016;1 €;13,20
721670;schumag-aktie;2017;1 €;8,30
721670;schumag-aktie;2018;1 €;11
721670;schumag-aktie;2019;-7 €;-
721670;schumag-aktie;2020;-3 €;-
721670;schumag-aktie;2021;1 €;22,20
A3H213;binect_inh-aktie;2016;-7 €;-
A3H213;binect_inh-aktie;2017;-16 €;-
A3H213;binect_inh-aktie;2018;-;-
A3H213;binect_inh-aktie;2019;-2 €;-
A3H213;binect_inh-aktie;2020;0 €;-
A3H213;binect_inh-aktie;2021;0 €;92
A3H213;binect_inh-aktie;2022;-;-
690200;park_bellheimer-aktie;2016;0 €;80,50
690200;park_bellheimer-aktie;2017;0 €;80,50
690200;park_bellheimer-aktie;2018;0 €;24,90
690200;park_bellheimer-aktie;2019;0 €;20,70
690200;park_bellheimer-aktie;2020;-1 €;-
690200;park_bellheimer-aktie;2021;0 €;-
690200;park_bellheimer-aktie;2022;-;-
A0WMPN;cpu_softwarehouse-aktie;2015;0 €;1.866,70
A0WMPN;cpu_softwarehouse-aktie;2016;0 €;88,10
A0WMPN;cpu_softwarehouse-aktie;2017;0 €;27
A0WMPN;cpu_softwarehouse-aktie;2018;0 €;28,40
A0WMPN;cpu_softwarehouse-aktie;2019;1 €;23,40
A0WMPN;cpu_softwarehouse-aktie;2020;1 €;17,90
A0WMPN;cpu_softwarehouse-aktie;2021;0 €;222
527550;brueder_mannesmann-aktie;2015;0 €;7,60
527550;brueder_mannesmann-aktie;2016;0 €;18
527550;brueder_mannesmann-aktie;2017;1 €;3,60
527550;brueder_mannesmann-aktie;2018;1 €;6
527550;brueder_mannesmann-aktie;2019;-1 €;-
527550;brueder_mannesmann-aktie;2020;1 €;5,60
527550;brueder_mannesmann-aktie;2021;1 €;7
A3CN9R;tokentus_investment_ag-aktie;2015;-;-
A3CN9R;tokentus_investment_ag-aktie;2016;-;-
A3CN9R;tokentus_investment_ag-aktie;2017;-;-
A3CN9R;tokentus_investment_ag-aktie;2018;-;-
A3CN9R;tokentus_investment_ag-aktie;2019;0 €;-
A3CN9R;tokentus_investment_ag-aktie;2020;-1 €;-
A3CN9R;tokentus_investment_ag-aktie;2021;-;-
A1CRQD;bhb_brauholding_bayern_mitte-aktie;2016;0 €;40,70
A1CRQD;bhb_brauholding_bayern_mitte-aktie;2017;0 €;36,80
A1CRQD;bhb_brauholding_bayern_mitte-aktie;2018;0 €;41,40
A1CRQD;bhb_brauholding_bayern_mitte-aktie;2019;0 €;41,30
A1CRQD;bhb_brauholding_bayern_mitte-aktie;2020;-1 €;-
A1CRQD;bhb_brauholding_bayern_mitte-aktie;2021;0 €;22,10
A1CRQD;bhb_brauholding_bayern_mitte-aktie;2022;-;-
622360;intertainment-aktie;2016;0 €;-51,50
622360;intertainment-aktie;2017;0 €;-27,90
622360;intertainment-aktie;2018;1 €;5,90
622360;intertainment-aktie;2019;0 €;-19,50
622360;intertainment-aktie;2020;0 €;-
622360;intertainment-aktie;2021;0 €;61
622360;intertainment-aktie;2022;-;-
620458;mvise-aktie;2016;0 €;-
620458;mvise-aktie;2017;1 €;-
620458;mvise-aktie;2018;1 €;-
620458;mvise-aktie;2019;0 €;-
620458;mvise-aktie;2020;-4 €;-
620458;mvise-aktie;2021;0 €;-
620458;mvise-aktie;2022;-;-
565360;eifelhoehen_klinik-aktie;2016;5 €;3,90
565360;eifelhoehen_klinik-aktie;2017;0 €;-
565360;eifelhoehen_klinik-aktie;2018;-1 €;-
565360;eifelhoehen_klinik-aktie;2019;-1 €;-
565360;eifelhoehen_klinik-aktie;2020;-1 €;-
565360;eifelhoehen_klinik-aktie;2021;-4 €;-
565360;eifelhoehen_klinik-aktie;2022;-;-
700890;realtech-aktie;2016;-2 €;-
700890;realtech-aktie;2017;1 €;-
700890;realtech-aktie;2018;-1 €;-
700890;realtech-aktie;2019;-1 €;-4,80
700890;realtech-aktie;2020;-1 €;-4,85
700890;realtech-aktie;2021;1 €;8,93
700890;realtech-aktie;2022;-;-
A255G3;gerry_weber_international-aktie;2016;1 €;-
A255G3;gerry_weber_international-aktie;2017;-1 €;-
A255G3;gerry_weber_international-aktie;2018;-172 €;-
A255G3;gerry_weber_international-aktie;2019;-3 €;-
A255G3;gerry_weber_international-aktie;2020;-65 €;-0,37
A255G3;gerry_weber_international-aktie;2021;23 €;2,06
A255G3;gerry_weber_international-aktie;2022;-;-
692500;pittler_maschinenfabrik-aktie;2016;0 €;75
692500;pittler_maschinenfabrik-aktie;2017;0 €;21,70
692500;pittler_maschinenfabrik-aktie;2018;0 €;-
692500;pittler_maschinenfabrik-aktie;2019;-1 €;-
692500;pittler_maschinenfabrik-aktie;2020;0 €;-
692500;pittler_maschinenfabrik-aktie;2021;2 €;3,80
692500;pittler_maschinenfabrik-aktie;2022;-;-
ZDWT01;zhongde_waste_technology-aktie;2013;-8 €;-
ZDWT01;zhongde_waste_technology-aktie;2014;-1 €;-
ZDWT01;zhongde_waste_technology-aktie;2015;-16 €;-
ZDWT01;zhongde_waste_technology-aktie;2016;65 €;0,30
ZDWT01;zhongde_waste_technology-aktie;2017;-;-
ZDWT01;zhongde_waste_technology-aktie;2018;-;-
ZDWT01;zhongde_waste_technology-aktie;2019;-;-
A0MJ3Y;se_swiss_estates_ps-aktie;2016;-2 CHF;-
A0MJ3Y;se_swiss_estates_ps-aktie;2017;2 CHF;-
A0MJ3Y;se_swiss_estates_ps-aktie;2018;-1 CHF;-
A0MJ3Y;se_swiss_estates_ps-aktie;2019;1 CHF;-
A0MJ3Y;se_swiss_estates_ps-aktie;2020;3 CHF;-
A0MJ3Y;se_swiss_estates_ps-aktie;2021;9 CHF;-
A0MJ3Y;se_swiss_estates_ps-aktie;2022;-;-
A1K03W;nexr_technologies-aktie;2016;46 €;-
A1K03W;nexr_technologies-aktie;2017;-44 €;-
A1K03W;nexr_technologies-aktie;2018;-22 €;-
A1K03W;nexr_technologies-aktie;2019;-13 €;-
A1K03W;nexr_technologies-aktie;2020;-12 €;-
A1K03W;nexr_technologies-aktie;2021;-15 €;-
A1K03W;nexr_technologies-aktie;2022;-;-
A0L1NQ;german_values_property_group-aktie;2015;-1 €;-
A0L1NQ;german_values_property_group-aktie;2016;1 €;5,50
A0L1NQ;german_values_property_group-aktie;2017;-2 €;-
A0L1NQ;german_values_property_group-aktie;2018;1 €;2,70
A0L1NQ;german_values_property_group-aktie;2019;-1 €;-
A0L1NQ;german_values_property_group-aktie;2020;-2 €;-
A0L1NQ;german_values_property_group-aktie;2021;-;-
A16130;kst_beteiligungen-aktie;2015;2 €;10
A16130;kst_beteiligungen-aktie;2016;1 €;17,10
A16130;kst_beteiligungen-aktie;2017;1 €;8,70
A16130;kst_beteiligungen-aktie;2018;0 €;25,20
A16130;kst_beteiligungen-aktie;2019;0 €;21,80
A16130;kst_beteiligungen-aktie;2020;0 €;-
A16130;kst_beteiligungen-aktie;2021;-;-
A2DA40;lehner_investments-aktie;2016;0 €;-
A2DA40;lehner_investments-aktie;2017;-2 €;-
A2DA40;lehner_investments-aktie;2018;0 €;-
A2DA40;lehner_investments-aktie;2019;0 €;-
A2DA40;lehner_investments-aktie;2020;0 €;162
A2DA40;lehner_investments-aktie;2021;2 €;28,40
A2DA40;lehner_investments-aktie;2022;-;-
A2AACF;starcore_international_mines-aktie;2016;7 CA$;-
A2AACF;starcore_international_mines-aktie;2017;-12 CA$;-
A2AACF;starcore_international_mines-aktie;2018;-12 CA$;-
A2AACF;starcore_international_mines-aktie;2019;-4 CA$;-
A2AACF;starcore_international_mines-aktie;2020;3 CA$;-
A2AACF;starcore_international_mines-aktie;2021;2 CA$;-
A2AACF;starcore_international_mines-aktie;2022;-;-
A11QU1;dci-aktie;2016;0 €;14,60
A11QU1;dci-aktie;2017;0 €;-
A11QU1;dci-aktie;2018;1 €;2,30
A11QU1;dci-aktie;2019;0 €;20,60
A11QU1;dci-aktie;2020;0 €;10,20
A11QU1;dci-aktie;2021;1 €;7
A11QU1;dci-aktie;2022;-;-
A1X3WW;khd_humboldt_wedag_vermoegensverwaltung-aktie;2016;-29 €;-30,25
A1X3WW;khd_humboldt_wedag_vermoegensverwaltung-aktie;2017;-19 €;-61,54
A1X3WW;khd_humboldt_wedag_vermoegensverwaltung-aktie;2018;-25 €;-53,33
A1X3WW;khd_humboldt_wedag_vermoegensverwaltung-aktie;2019;-19 €;-31,05
A1X3WW;khd_humboldt_wedag_vermoegensverwaltung-aktie;2020;-8 €;-56,56
A1X3WW;khd_humboldt_wedag_vermoegensverwaltung-aktie;2021;-1 €;-550
A1X3WW;khd_humboldt_wedag_vermoegensverwaltung-aktie;2022;-;-
A0BVVK;deutsche_cannabis-aktie;2014;-;-
A0BVVK;deutsche_cannabis-aktie;2015;0 €;-
A0BVVK;deutsche_cannabis-aktie;2016;0 €;363,60
A0BVVK;deutsche_cannabis-aktie;2017;0 €;-
A0BVVK;deutsche_cannabis-aktie;2018;-1 €;-
A0BVVK;deutsche_cannabis-aktie;2019;-;-
A0BVVK;deutsche_cannabis-aktie;2020;-;-
A2QQQU;tmc_content_group-aktie;2016;2 €;7,10
A2QQQU;tmc_content_group-aktie;2017;4 €;2,90
A2QQQU;tmc_content_group-aktie;2018;-1 €;-
A2QQQU;tmc_content_group-aktie;2019;-4 €;-
A2QQQU;tmc_content_group-aktie;2020;-2 €;-
A2QQQU;tmc_content_group-aktie;2021;-2 €;-
A2QQQU;tmc_content_group-aktie;2022;-;-
520958;artec_technologies-aktie;2016;0 €;-
520958;artec_technologies-aktie;2017;-1 €;-
520958;artec_technologies-aktie;2018;0 €;-
520958;artec_technologies-aktie;2019;-1 €;-7,62
520958;artec_technologies-aktie;2020;0 €;66,33
520958;artec_technologies-aktie;2021;0 €;-40,67
520958;artec_technologies-aktie;2022;-;-
A2PNFY;bevcanna_enterprises-aktie;2015;-;-
A2PNFY;bevcanna_enterprises-aktie;2016;-;-
A2PNFY;bevcanna_enterprises-aktie;2017;-;-
A2PNFY;bevcanna_enterprises-aktie;2018;-7 CA$;-
A2PNFY;bevcanna_enterprises-aktie;2019;-10 CA$;-
A2PNFY;bevcanna_enterprises-aktie;2020;-14 CA$;-
A2PNFY;bevcanna_enterprises-aktie;2021;-;-
A0XFWK;shs_viveon-aktie;2016;0 €;-
A0XFWK;shs_viveon-aktie;2017;0 €;-
A0XFWK;shs_viveon-aktie;2018;0 €;-
A0XFWK;shs_viveon-aktie;2019;1 €;-
A0XFWK;shs_viveon-aktie;2020;1 €;-
A0XFWK;shs_viveon-aktie;2021;0 €;-
A0XFWK;shs_viveon-aktie;2022;-;-
A1PG50;fast_finance24_holding-aktie;2016;-5 €;-2,13
A1PG50;fast_finance24_holding-aktie;2017;0 €;-14
A1PG50;fast_finance24_holding-aktie;2018;-1 €;-17,30
A1PG50;fast_finance24_holding-aktie;2019;0 €;-
A1PG50;fast_finance24_holding-aktie;2020;0 €;-
A1PG50;fast_finance24_holding-aktie;2021;-;-
A1PG50;fast_finance24_holding-aktie;2022;-;-
A1E8G8;vivanco_gruppe-aktie;2016;7 €;1,50
A1E8G8;vivanco_gruppe-aktie;2017;6 €;3,80
A1E8G8;vivanco_gruppe-aktie;2018;2 €;9
A1E8G8;vivanco_gruppe-aktie;2019;1 €;19,40
A1E8G8;vivanco_gruppe-aktie;2020;0 €;-
A1E8G8;vivanco_gruppe-aktie;2021;-1 €;-
A1E8G8;vivanco_gruppe-aktie;2022;-;-
HNC205;camerit-aktie;2016;-1 €;-
HNC205;camerit-aktie;2017;0 €;-
HNC205;camerit-aktie;2018;0 €;-
HNC205;camerit-aktie;2019;-1 €;-
HNC205;camerit-aktie;2020;6 €;0,70
HNC205;camerit-aktie;2021;0 €;46,50
HNC205;camerit-aktie;2022;-;-
A2PPX6;plus_therapeutics-aktie;2016;-22 $;-
A2PPX6;plus_therapeutics-aktie;2017;-23 $;-
A2PPX6;plus_therapeutics-aktie;2018;-13 $;-
A2PPX6;plus_therapeutics-aktie;2019;-11 $;-0,85
A2PPX6;plus_therapeutics-aktie;2020;-8 $;-1,08
A2PPX6;plus_therapeutics-aktie;2021;-13 $;-1,04
A2PPX6;plus_therapeutics-aktie;2022;-20 $;-0,41
696780;pro_dv-aktie;2016;0 €;26,45
696780;pro_dv-aktie;2017;0 €;39,70
696780;pro_dv-aktie;2018;0 €;10,20
696780;pro_dv-aktie;2019;0 €;32
696780;pro_dv-aktie;2020;0 €;-
696780;pro_dv-aktie;2021;0 €;-
696780;pro_dv-aktie;2022;-;-
A2LQ72;ming_le_sports_neu-aktie;2015;0 €;-
A2LQ72;ming_le_sports_neu-aktie;2016;0 €;-
A2LQ72;ming_le_sports_neu-aktie;2017;0 €;-
A2LQ72;ming_le_sports_neu-aktie;2018;-1 €;-
A2LQ72;ming_le_sports_neu-aktie;2019;0 €;22,10
A2LQ72;ming_le_sports_neu-aktie;2020;0 €;24,80
A2LQ72;ming_le_sports_neu-aktie;2021;0 €;-
A1YDAZ;clean_logistics-aktie;2016;2 €;-
A1YDAZ;clean_logistics-aktie;2017;4 €;-
A1YDAZ;clean_logistics-aktie;2018;0 €;-
A1YDAZ;clean_logistics-aktie;2019;0 €;-
A1YDAZ;clean_logistics-aktie;2020;1 €;-
A1YDAZ;clean_logistics-aktie;2021;-2 €;-42,81
A1YDAZ;clean_logistics-aktie;2022;-;-
627500;arcandor-aktie;2004;-1.631 €;-
627500;arcandor-aktie;2005;-317 €;-
627500;arcandor-aktie;2006;346 €;12,80
627500;arcandor-aktie;2007;16 €;293,50
627500;arcandor-aktie;2008;-746 €;-
627500;arcandor-aktie;2009;-;-
627500;arcandor-aktie;2010;-;-
A0H1GY;marna_beteiligungen-aktie;2015;-24 €;-
A0H1GY;marna_beteiligungen-aktie;2016;-13 €;-
A0H1GY;marna_beteiligungen-aktie;2017;43 €;0,10
A0H1GY;marna_beteiligungen-aktie;2018;-1 €;-
A0H1GY;marna_beteiligungen-aktie;2019;0 €;-
A0H1GY;marna_beteiligungen-aktie;2020;0 €;-
A0H1GY;marna_beteiligungen-aktie;2021;-;-
A2DAN1;softline-aktie;2016;-1 €;-4,83
A2DAN1;softline-aktie;2017;1 €;23,83
A2DAN1;softline-aktie;2018;0 €;25,36
A2DAN1;softline-aktie;2019;1 €;16,79
A2DAN1;softline-aktie;2020;0 €;48,89
A2DAN1;softline-aktie;2021;0 €;-80,50
A2DAN1;softline-aktie;2022;-;-
A0KFKH;elexxion-aktie;2016;1 €;4,28
A0KFKH;elexxion-aktie;2017;-1 €;-4
A0KFKH;elexxion-aktie;2018;-1 €;-6
A0KFKH;elexxion-aktie;2019;-1 €;-3,55
A0KFKH;elexxion-aktie;2020;-1 €;-4,71
A0KFKH;elexxion-aktie;2021;0 €;-8,75
A0KFKH;elexxion-aktie;2022;-;-
A1YCMM;solarworld-aktie;2011;-299 €;-
A1YCMM;solarworld-aktie;2012;-477 €;-
A1YCMM;solarworld-aktie;2013;-228 €;-
A1YCMM;solarworld-aktie;2014;464 €;0,40
A1YCMM;solarworld-aktie;2015;-33 €;-
A1YCMM;solarworld-aktie;2016;-92 €;-
A1YCMM;solarworld-aktie;2017;-;-
A2H5RL;delta_technologi-aktie;2014;2.520 HUF;-
A2H5RL;delta_technologi-aktie;2015;-;-
A2H5RL;delta_technologi-aktie;2016;-;-
A2H5RL;delta_technologi-aktie;2017;-;-
A2H5RL;delta_technologi-aktie;2018;-;-
A2H5RL;delta_technologi-aktie;2019;-;-
A2H5RL;delta_technologi-aktie;2020;-;-
A3E5E6;homes_holiday-aktie;2016;-;-
A3E5E6;homes_holiday-aktie;2017;-;-
A3E5E6;homes_holiday-aktie;2018;-4 €;-
A3E5E6;homes_holiday-aktie;2019;-2 €;-
A3E5E6;homes_holiday-aktie;2020;-2 €;-
A3E5E6;homes_holiday-aktie;2021;0 €;17,36
A3E5E6;homes_holiday-aktie;2022;-;-
810310;webac_holding-aktie;2016;0 €;16,70
810310;webac_holding-aktie;2017;-1 €;-
810310;webac_holding-aktie;2018;0 €;90,60
810310;webac_holding-aktie;2019;0 €;146,70
810310;webac_holding-aktie;2020;0 €;-
810310;webac_holding-aktie;2021;0 €;-
810310;webac_holding-aktie;2022;-;-
A2AFBU;isc_business_technology-aktie;2016;0 CHF;95,90
A2AFBU;isc_business_technology-aktie;2017;0 CHF;60,80
A2AFBU;isc_business_technology-aktie;2018;0 CHF;43,20
A2AFBU;isc_business_technology-aktie;2019;0 CHF;248,70
A2AFBU;isc_business_technology-aktie;2020;0 CHF;38,90
A2AFBU;isc_business_technology-aktie;2021;0 CHF;53,30
A2AFBU;isc_business_technology-aktie;2022;-;-
A2AKAU;talkpool-aktie;2015;-;-
A2AKAU;talkpool-aktie;2016;-;-
A2AKAU;talkpool-aktie;2017;-;-
A2AKAU;talkpool-aktie;2018;-;-
A2AKAU;talkpool-aktie;2019;-3 €;-
A2AKAU;talkpool-aktie;2020;-1 €;-
A2AKAU;talkpool-aktie;2021;-;-
A0N3EU;l_konzept_holding-aktie;2015;0 €;-
A0N3EU;l_konzept_holding-aktie;2016;2 €;3,40
A0N3EU;l_konzept_holding-aktie;2017;0 €;-
A0N3EU;l_konzept_holding-aktie;2018;-1 €;-
A0N3EU;l_konzept_holding-aktie;2019;0 €;-
A0N3EU;l_konzept_holding-aktie;2020;0 €;10,50
A0N3EU;l_konzept_holding-aktie;2021;0 €;39,60
549060;spobag-aktie;2015;-1 €;-
549060;spobag-aktie;2016;0 €;-
549060;spobag-aktie;2017;0 €;-
549060;spobag-aktie;2018;0 €;-
549060;spobag-aktie;2019;0 €;-
549060;spobag-aktie;2020;0 €;-
549060;spobag-aktie;2021;-;-
A1R1C8;panamax-aktie;2015;0 €;-
A1R1C8;panamax-aktie;2016;0 €;-
A1R1C8;panamax-aktie;2017;-1 €;-
A1R1C8;panamax-aktie;2018;0 €;-
A1R1C8;panamax-aktie;2019;0 €;-
A1R1C8;panamax-aktie;2020;0 €;12,10
A1R1C8;panamax-aktie;2021;-;-
760010;valora_effekten_handel-aktie;2015;0 €;32,70
760010;valora_effekten_handel-aktie;2016;0 €;36,10
760010;valora_effekten_handel-aktie;2017;0 €;19
760010;valora_effekten_handel-aktie;2018;0 €;-
760010;valora_effekten_handel-aktie;2019;0 €;-
760010;valora_effekten_handel-aktie;2020;0 €;-
760010;valora_effekten_handel-aktie;2021;-;-
552932;new_value-aktie;2016;-1 CHF;-
552932;new_value-aktie;2017;-2 CHF;-
552932;new_value-aktie;2018;-2 CHF;-
552932;new_value-aktie;2019;-4 CHF;-0,72
552932;new_value-aktie;2020;0 CHF;-3,40
552932;new_value-aktie;2021;-;-
552932;new_value-aktie;2022;-;-
A2QQMA;kore_mining_ltd-aktie;2016;-1 CA$;-
A2QQMA;kore_mining_ltd-aktie;2017;-1 CA$;-
A2QQMA;kore_mining_ltd-aktie;2018;-5 CA$;-
A2QQMA;kore_mining_ltd-aktie;2019;-2 CA$;-
A2QQMA;kore_mining_ltd-aktie;2020;-9 CA$;-
A2QQMA;kore_mining_ltd-aktie;2021;0 CA$;-
A2QQMA;kore_mining_ltd-aktie;2022;-;-
A2H62U;spark_netw_sp_adr-aktie;2016;1 $;-
A2H62U;spark_netw_sp_adr-aktie;2017;-7 $;-
A2H62U;spark_netw_sp_adr-aktie;2018;-4 $;-31,52
A2H62U;spark_netw_sp_adr-aktie;2019;-17 $;-0,69
A2H62U;spark_netw_sp_adr-aktie;2020;-47 $;-0,30
A2H62U;spark_netw_sp_adr-aktie;2021;-68 $;-1,18
A2H62U;spark_netw_sp_adr-aktie;2022;-;-
A2PAA5;iq_international-aktie;2015;-3 CHF;-
A2PAA5;iq_international-aktie;2016;-4 CHF;-
A2PAA5;iq_international-aktie;2017;-2 CHF;-
A2PAA5;iq_international-aktie;2018;-27 CHF;-
A2PAA5;iq_international-aktie;2019;-;-
A2PAA5;iq_international-aktie;2020;-;-
A2PAA5;iq_international-aktie;2021;-;-
761210;goingpublic_media-aktie;2015;0 €;-
761210;goingpublic_media-aktie;2016;1 €;-
761210;goingpublic_media-aktie;2017;0 €;-
761210;goingpublic_media-aktie;2018;0 €;-
761210;goingpublic_media-aktie;2019;0 €;-
761210;goingpublic_media-aktie;2020;0 €;-
761210;goingpublic_media-aktie;2021;0 €;-
784730;ymos-aktie;2011;-;-
784730;ymos-aktie;2012;-;-
784730;ymos-aktie;2013;-;-
784730;ymos-aktie;2014;-;-
784730;ymos-aktie;2015;-;-
784730;ymos-aktie;2016;-;-
784730;ymos-aktie;2017;-;-
A1E89S;readcrest_capital-aktie;2015;0 €;-
A1E89S;readcrest_capital-aktie;2016;0 €;4,20
A1E89S;readcrest_capital-aktie;2017;0 €;-
A1E89S;readcrest_capital-aktie;2018;0 €;-
A1E89S;readcrest_capital-aktie;2019;0 €;-
A1E89S;readcrest_capital-aktie;2020;0 €;-
A1E89S;readcrest_capital-aktie;2021;-;-
928449;perfect_holding-aktie;2015;-2 CHF;-
928449;perfect_holding-aktie;2016;-1 CHF;-
928449;perfect_holding-aktie;2017;0 CHF;-
928449;perfect_holding-aktie;2018;-1 CHF;-
928449;perfect_holding-aktie;2019;-1 CHF;-
928449;perfect_holding-aktie;2020;0 CHF;-
928449;perfect_holding-aktie;2021;0 CHF;-
A1A6WB;philomaxcap_ag-aktie;2015;0 €;-
A1A6WB;philomaxcap_ag-aktie;2016;0 €;-
A1A6WB;philomaxcap_ag-aktie;2017;0 €;-
A1A6WB;philomaxcap_ag-aktie;2018;-1 €;-
A1A6WB;philomaxcap_ag-aktie;2019;-1 €;-
A1A6WB;philomaxcap_ag-aktie;2020;0 €;307,70
A1A6WB;philomaxcap_ag-aktie;2021;0 €;-
A3E5C0;co_don-aktie;2016;-4 €;-
A3E5C0;co_don-aktie;2017;-7 €;-
A3E5C0;co_don-aktie;2018;-6 €;-
A3E5C0;co_don-aktie;2019;-13 €;-
A3E5C0;co_don-aktie;2020;-14 €;-
A3E5C0;co_don-aktie;2021;-9 €;-
A3E5C0;co_don-aktie;2022;-;-
745880;tiscon-aktie;2004;-1 €;-
745880;tiscon-aktie;2005;-3 €;-
745880;tiscon-aktie;2006;0 €;61,50
745880;tiscon-aktie;2007;-4 €;-
745880;tiscon-aktie;2008;-2 €;-
745880;tiscon-aktie;2009;-;-
745880;tiscon-aktie;2010;-;-
A0WMNK;vapiano-aktie;2014;7 €;-
A0WMNK;vapiano-aktie;2015;1 €;-
A0WMNK;vapiano-aktie;2016;-1 €;-
A0WMNK;vapiano-aktie;2017;-28 €;-
A0WMNK;vapiano-aktie;2018;-93 €;-
A0WMNK;vapiano-aktie;2019;-;-
A0WMNK;vapiano-aktie;2020;-;-
A0WMJQ;elanix_biotechnologies-aktie;2013;0 €;-
A0WMJQ;elanix_biotechnologies-aktie;2014;0 €;-
A0WMJQ;elanix_biotechnologies-aktie;2015;-10 €;-
A0WMJQ;elanix_biotechnologies-aktie;2016;-2 €;-
A0WMJQ;elanix_biotechnologies-aktie;2017;-4 €;-
A0WMJQ;elanix_biotechnologies-aktie;2018;-4 €;-
A0WMJQ;elanix_biotechnologies-aktie;2019;-;-
A2E377;sleepz-aktie;2014;0 €;-
A2E377;sleepz-aktie;2015;-3 €;-
A2E377;sleepz-aktie;2016;-10 €;-
A2E377;sleepz-aktie;2017;-4 €;-
A2E377;sleepz-aktie;2018;-;-
A2E377;sleepz-aktie;2019;-;-
A2E377;sleepz-aktie;2020;-;-
SGU888;sino_german_united-aktie;2016;-1 €;-
SGU888;sino_german_united-aktie;2017;0 €;-
SGU888;sino_german_united-aktie;2018;0 €;-
SGU888;sino_german_united-aktie;2019;0 €;-
SGU888;sino_german_united-aktie;2020;0 €;-
SGU888;sino_german_united-aktie;2021;0 €;53,30
SGU888;sino_german_united-aktie;2022;-;-
745420;tc_unterhaltungselektronik-aktie;2015;0 €;-
745420;tc_unterhaltungselektronik-aktie;2016;0 €;294,10
745420;tc_unterhaltungselektronik-aktie;2017;0 €;-
745420;tc_unterhaltungselektronik-aktie;2018;0 €;-
745420;tc_unterhaltungselektronik-aktie;2019;0 €;157,90
745420;tc_unterhaltungselektronik-aktie;2020;0 €;2,80
745420;tc_unterhaltungselektronik-aktie;2021;0 €;-
WNDL30;windeln_de-aktie;2016;-42 €;-
WNDL30;windeln_de-aktie;2017;-38 €;-
WNDL30;windeln_de-aktie;2018;-38 €;-
WNDL30;windeln_de-aktie;2019;-15 €;-
WNDL30;windeln_de-aktie;2020;-14 €;-
WNDL30;windeln_de-aktie;2021;-14 €;-
WNDL30;windeln_de-aktie;2022;-;-
865880;unbound_group-aktie;2015;311 £;3,80
865880;unbound_group-aktie;2016;532 £;3,20
865880;unbound_group-aktie;2017;172 £;3,70
865880;unbound_group-aktie;2018;-50 £;-
865880;unbound_group-aktie;2019;32 £;4
865880;unbound_group-aktie;2020;-60 £;-
865880;unbound_group-aktie;2021;-;-
755140;erotik_abwicklungsgesellschaft-aktie;2010;-68 €;-
755140;erotik_abwicklungsgesellschaft-aktie;2011;-8 €;-
755140;erotik_abwicklungsgesellschaft-aktie;2012;-1 €;-
755140;erotik_abwicklungsgesellschaft-aktie;2013;4 €;16,80
755140;erotik_abwicklungsgesellschaft-aktie;2014;3 €;20,30
755140;erotik_abwicklungsgesellschaft-aktie;2015;-18 €;-
755140;erotik_abwicklungsgesellschaft-aktie;2016;-;-
661471;solar_fabrik-aktie;2010;8 €;7,20
661471;solar_fabrik-aktie;2011;-4 €;-
661471;solar_fabrik-aktie;2012;-22 €;-
661471;solar_fabrik-aktie;2013;-7 €;-
661471;solar_fabrik-aktie;2014;-;-
661471;solar_fabrik-aktie;2015;-;-
661471;solar_fabrik-aktie;2016;-;-
507090;fritz_nols-aktie;2012;0 €;-
507090;fritz_nols-aktie;2013;0 €;-
507090;fritz_nols-aktie;2014;0 €;-
507090;fritz_nols-aktie;2015;0 €;195
507090;fritz_nols-aktie;2016;-;-
507090;fritz_nols-aktie;2017;-;-
507090;fritz_nols-aktie;2018;-;-
A0JL46;itn_nanovation-aktie;2015;-6 €;-
A0JL46;itn_nanovation-aktie;2016;-6 €;-
A0JL46;itn_nanovation-aktie;2017;0 €;-
A0JL46;itn_nanovation-aktie;2018;-4 €;-
A0JL46;itn_nanovation-aktie;2019;-;-
A0JL46;itn_nanovation-aktie;2020;-;-
A0JL46;itn_nanovation-aktie;2021;-;-
A1XE2N;mccolls_re_gr_wi-aktie;2015;16 £;8,90
A1XE2N;mccolls_re_gr_wi-aktie;2016;14 £;14,50
A1XE2N;mccolls_re_gr_wi-aktie;2017;14 £;21,40
A1XE2N;mccolls_re_gr_wi-aktie;2018;7 £;9,40
A1XE2N;mccolls_re_gr_wi-aktie;2019;-96 £;-
A1XE2N;mccolls_re_gr_wi-aktie;2020;-3 £;-
A1XE2N;mccolls_re_gr_wi-aktie;2021;-;-
A0F5UQ;openlimit-aktie;2015;0 €;41,20
A0F5UQ;openlimit-aktie;2016;-9 €;-
A0F5UQ;openlimit-aktie;2017;-3 €;-
A0F5UQ;openlimit-aktie;2018;-1 €;-
A0F5UQ;openlimit-aktie;2019;-2 €;-
A0F5UQ;openlimit-aktie;2020;-;-
A0F5UQ;openlimit-aktie;2021;-;-
502130;neschen-aktie;2010;-3 €;-
502130;neschen-aktie;2011;-1 €;-
502130;neschen-aktie;2012;-5 €;-
502130;neschen-aktie;2013;-9 €;-
502130;neschen-aktie;2014;-;-
502130;neschen-aktie;2015;-;-
502130;neschen-aktie;2016;-;-
A0V9L9;eyemaxx_real_estate-aktie;2015;4 €;4,60
A0V9L9;eyemaxx_real_estate-aktie;2016;6 €;6,60
A0V9L9;eyemaxx_real_estate-aktie;2017;7 €;7,80
A0V9L9;eyemaxx_real_estate-aktie;2018;7 €;7
A0V9L9;eyemaxx_real_estate-aktie;2019;6 €;8,80
A0V9L9;eyemaxx_real_estate-aktie;2020;-26 €;-
A0V9L9;eyemaxx_real_estate-aktie;2021;-;-
A0JKHG;gwb_immobilien-aktie;2005;1 €;-
A0JKHG;gwb_immobilien-aktie;2006;2 €;15,60
A0JKHG;gwb_immobilien-aktie;2007;7 €;7,30
A0JKHG;gwb_immobilien-aktie;2008;2 €;6,70
A0JKHG;gwb_immobilien-aktie;2009;-9 €;-
A0JKHG;gwb_immobilien-aktie;2010;-3 €;-
A0JKHG;gwb_immobilien-aktie;2011;-;-
